Workbook

Sheet 基础信息表
A1: 项目名称 | B1: 客户名称
A2: 博河科创中心 | B2: 德安县博河产业控股集团有限公司
A3: 德安养老中心 | B3: 九江浔辉建筑工程有限公司
A4: 抚州1号楼 | B4: 江西揽之建设工程有限公司
A5: 抚州8号楼 | B5: 江西揽之建设工程有限公司
A6: 抚州2号楼 | B6: 江西揽之建设工程有限公司
A7: 科创中心 | B7: 德安县市政工程公司
A8: 邹桥派出所 | B8: 德安县水利水电建筑工程公司
A9: 九安架空层 | B9: 九江浔辉建筑工程有限公司
A10: 数字经济产业园 | B10: 江西中寰建筑装饰有限公司
A11: 德安农商行总部 | B11: 共青农商行
A12: 隆世光伏 | B12: 共青农商行
A13: 共青办公楼 | B13: 共青农商行

Sheet 总表
A2: 2026应收账款总表
C3: 合计: | D3: =SUM(D5:D105) -> 10515816 | E3: =SUM(E5:E105) -> 6637129.3 | G3: =SUM(G5:G105) -> 3878686.4
A4: 项目名称 | B4: 链接 | C4: 客户名称 | D4: 应收金额(元） | E4: 已收金额（元） | F4: 回款比例 | G4: 未收金额（元） | H4: 已开票金额 | I4: 税率 | J4: 未开票金额 | K4: 备注
A5: {=_wpsfn.SHEETSNAME(,1,1)} -> 基础信息表 | B5: =HYPERLINK("#"&A5&"!a3","点击跳转") -> 点击跳转 | D5: {=INDIRECT($A5&"!H6")} -> 0 | E5: =SUM(INDIRECT($A5&"!I:I")) -> 0 | F5: =IFERROR((E5/D5),"") | G5: =D5-E5 -> 0 | H5: =SUM(INDIRECT($A5&"!N:N")) -> 0 | J5: =SUM(INDIRECT($A5&"!R:R")) -> 0
A6: 博河科创中心 | B6: =HYPERLINK("#"&A6&"!a3","点击跳转") -> 点击跳转 | C6: =IFERROR(_xlfn.XLOOKUP(A6,基础信息表!A:A,基础信息表!B:B),"") -> 德安县博河产业控股集团有限公司 | D6: {=INDIRECT($A6&"!H6")} -> 510758.96 | E6: =SUM(INDIRECT($A6&"!I:I")) -> 102151.79 | F6: =IFERROR((E6/D6),"") -> 0.2 | G6: =D6-E6 -> 408607.17 | H6: =SUM(INDIRECT($A6&"!N:N")) -> 102151.79 | J6: =SUM(INDIRECT($A6&"!R:R")) -> 408607.17
A7: 德安养老中心 | B7: =HYPERLINK("#"&A7&"!a3","点击跳转") -> 点击跳转 | C7: =IFERROR(_xlfn.XLOOKUP(A7,基础信息表!A:A,基础信息表!B:B),"") -> 九江浔辉建筑工程有限公司 | D7: {=INDIRECT($A7&"!H6")} -> 4362576.5 | E7: =SUM(INDIRECT($A7&"!I:I")) -> 2658453.4 | F7: =IFERROR((E7/D7),"") -> 0.60937691 | G7: =D7-E7 -> 1704123.1 | H7: =SUM(INDIRECT($A7&"!N:N")) -> 2658453.4 | J7: =SUM(INDIRECT($A7&"!R:R")) -> 1704123.1
A8: 抚州1号楼 | B8: =HYPERLINK("#"&A8&"!a3","点击跳转") -> 点击跳转 | C8: =IFERROR(_xlfn.XLOOKUP(A8,基础信息表!A:A,基础信息表!B:B),"") -> 江西揽之建设工程有限公司 | D8: {=INDIRECT($A8&"!H6")} -> 695372.72 | E8: =SUM(INDIRECT($A8&"!I:I")) -> 562296 | F8: =IFERROR((E8/D8),"") -> 0.80862534 | G8: =D8-E8 -> 133076.72 | H8: =SUM(INDIRECT($A8&"!N:N")) -> 562296 | J8: =SUM(INDIRECT($A8&"!R:R")) -> 133076.72
A9: 抚州8号楼 | B9: =HYPERLINK("#"&A9&"!a3","点击跳转") -> 点击跳转 | C9: =IFERROR(_xlfn.XLOOKUP(A9,基础信息表!A:A,基础信息表!B:B),"") -> 江西揽之建设工程有限公司 | D9: {=INDIRECT($A9&"!H6")} -> 960000 | E9: =SUM(INDIRECT($A9&"!I:I")) -> 670593.83 | F9: =IFERROR((E9/D9),"") -> 0.69853524 | G9: =D9-E9 -> 289406.17 | H9: =SUM(INDIRECT($A9&"!N:N")) -> 670593.83 | J9: =SUM(INDIRECT($A9&"!R:R")) -> 289406.17
A10: 抚州2号楼 | B10: =HYPERLINK("#"&A10&"!a3","点击跳转") -> 点击跳转 | C10: =IFERROR(_xlfn.XLOOKUP(A10,基础信息表!A:A,基础信息表!B:B),"") -> 江西揽之建设工程有限公司 | D10: {=INDIRECT($A10&"!H6")} -> 64000 | E10: =SUM(INDIRECT($A10&"!I:I")) -> 51200 | F10: =IFERROR((E10/D10),"") -> 0.8 | G10: =D10-E10 -> 12800 | H10: =SUM(INDIRECT($A10&"!N:N")) -> 51200 | J10: =SUM(INDIRECT($A10&"!R:R")) -> 12800
A11: 科创中心 | B11: =HYPERLINK("#"&A11&"!a3","点击跳转") -> 点击跳转 | C11: =IFERROR(_xlfn.XLOOKUP(A11,基础信息表!A:A,基础信息表!B:B),"") -> 德安县市政工程公司 | D11: {=INDIRECT($A11&"!H6")} -> 1641809 | E11: =SUM(INDIRECT($A11&"!I:I")) -> 1148361.8 | F11: =IFERROR((E11/D11),"") -> 0.69944908 | G11: =D11-E11 -> 493447.2 | H11: =SUM(INDIRECT($A11&"!N:N")) -> 1148361.8 | J11: =SUM(INDIRECT($A11&"!R:R")) -> 493447.2
A12: 邹桥派出所 | B12: =HYPERLINK("#"&A12&"!a3","点击跳转") -> 点击跳转 | C12: =IFERROR(_xlfn.XLOOKUP(A12,基础信息表!A:A,基础信息表!B:B),"") -> 德安县水利水电建筑工程公司 | D12: {=INDIRECT($A12&"!H6")} -> 95560.56 | E12: =SUM(INDIRECT($A12&"!I:I")) -> 88334.56 | F12: =IFERROR((E12/D12),"") -> 0.92438303 | G12: =D12-E12 -> 7226 | H12: =SUM(INDIRECT($A12&"!N:N")) -> 88334.56 | J12: =SUM(INDIRECT($A12&"!R:R")) -> 2672
A13: 九安架空层 | B13: =HYPERLINK("#"&A13&"!a3","点击跳转") -> 点击跳转 | C13: =IFERROR(_xlfn.XLOOKUP(A13,基础信息表!A:A,基础信息表!B:B),"") -> 九江浔辉建筑工程有限公司 | D13: {=INDIRECT($A13&"!H6")} -> 1500000 | E13: =SUM(INDIRECT($A13&"!I:I")) -> 670000 | F13: =IFERROR((E13/D13),"") -> 0.44666667 | G13: =D13-E13 -> 830000 | H13: =SUM(INDIRECT($A13&"!N:N")) -> 0 | J13: =SUM(INDIRECT($A13&"!R:R")) -> 1500000
A14: 共青办公楼 | B14: =HYPERLINK("#"&A14&"!a3","点击跳转") -> 点击跳转 | C14: =IFERROR(_xlfn.XLOOKUP(A14,基础信息表!A:A,基础信息表!B:B),"") -> 共青农商行 | D14: {=INDIRECT($A14&"!H6")} -> 85738 | E14: =SUM(INDIRECT($A14&"!I:I")) -> 85738 | F14: =IFERROR((E14/D14),"") -> 1 | G14: =D14-E14 -> 0 | H14: =SUM(INDIRECT($A14&"!N:N")) -> 85738 | J14: =SUM(INDIRECT($A14&"!R:R")) -> 0
A15: 隆世光伏 | B15: =HYPERLINK("#"&A15&"!a3","点击跳转") -> 点击跳转 | C15: =IFERROR(_xlfn.XLOOKUP(A15,基础信息表!A:A,基础信息表!B:B),"") -> 共青农商行 | D15: {=INDIRECT($A15&"!H6")} -> 600000 | E15: =SUM(INDIRECT($A15&"!I:I")) -> 600000 | F15: =IFERROR((E15/D15),"") -> 1 | G15: =D15-E15 -> 0 | H15: =SUM(INDIRECT($A15&"!N:N")) -> 600000 | J15: =SUM(INDIRECT($A15&"!R:R")) -> 0
A16: 数字经济产业园 | B16: =HYPERLINK("#"&A16&"!a3","点击跳转") -> 点击跳转 | C16: =IFERROR(_xlfn.XLOOKUP(A16,基础信息表!A:A,基础信息表!B:B),"") -> 江西中寰建筑装饰有限公司
A17: 德安农商行总部 | B17: =HYPERLINK("#"&A17&"!a3","点击跳转") -> 点击跳转 | C17: =IFERROR(_xlfn.XLOOKUP(A17,基础信息表!A:A,基础信息表!B:B),"") -> 共青农商行
A18: Sheet4 | B18: =HYPERLINK("#"&A18&"!a3","点击跳转") -> 点击跳转 | C18: =IFERROR(_xlfn.XLOOKUP(A18,基础信息表!A:A,基础信息表!B:B),"")
A19: Sheet5 | B19: =HYPERLINK("#"&A19&"!a3","点击跳转") -> 点击跳转 | C19: =IFERROR(_xlfn.XLOOKUP(A19,基础信息表!A:A,基础信息表!B:B),"")
B20: =HYPERLINK("#"&A20&"!a3","点击跳转") -> 点击跳转 | C20: =IFERROR(_xlfn.XLOOKUP(A20,基础信息表!A:A,基础信息表!B:B),"") -> 0
B21: =HYPERLINK("#"&A21&"!a3","点击跳转") -> 点击跳转 | C21: =IFERROR(_xlfn.XLOOKUP(A21,基础信息表!A:A,基础信息表!B:B),"") -> 0

Sheet 博河科创中心
A3: 应收账款明细表 | B3: 应收账款明细
A5: 日期 | B5: 项目名称 | C5: 客户名称 | D5: 合同时间 | E5: 保证金 | F5: 合同总款 | G5: 签证金额（约） | H5: 应收金额 | I5: 已收金额 | J5: 收款日期 | K5: 收款账户 | L5: 未收金额 | M5: 扣款 | N5: 开票金额 | O5: 开票日期 | P5: 税率 | Q5: 税额 | R5: 未开票金额 | S5: 备注 | T5: 参照
B6: 博河科创中心 | C6: 德安县博河产业控股集团有限公司 | D6: 46261 | F6: 510758.96 | H6: {=SUMPRODUCT(E6:E11+F6:F11+G6:G11)} -> 510758.96 | I6: 102151.79 | J6: 46272 | K6: 九江银行 | L6: {=SUMPRODUCT(H6:H11-I6:I11)} -> 408607.17 | N6: 102151.79 | O6: 46262 | P6: 0.09 | Q6: =N6/(1+P6)*P6 -> 8434.5515 | R6: {=SUMPRODUCT(F6:F11-N6:N11)} -> 408607.17 | T6: 0.13
Q7: =N7/(1+P7)*P7 -> 0 | T7: 0.09
Q8: =N8/(1+P8)*P8 -> 0 | T8: 0.06
Q9: =N9/(1+P9)*P9 -> 0 | T9: 0.03
Q10: =N10/(1+P10)*P10 -> 0 | T10: 0.01
Q11: =N11/(1+P11)*P11 -> 0

Sheet 德安养老中心
A3: 应收账款明细表 | B3: 应收账款明细
J4: =HYPERLINK("#总表！A3","返回总表") -> 返回总表
A5: 日期 | B5: 项目名称 | C5: 客户名称 | D5: 合同时间 | E5: 保证金 | F5: 合同金额 | G5: 签证金额（约） | H5: 应收金额 | I5: 已收金额 | J5: 收款日期 | K5: 收款账户 | L5: 不含税价款 | M5: 扣款 | N5: 开票金额 | O5: 开票日期 | P5: 税率 | Q5: 税额 | R5: 未开票金额 | S5: 备注 | T5: 参照
B6: 德安养老中心 | C6: 九江浔辉建筑工程有限公司 | D6: 45772 | F6: 3823833.9 | H6: {=SUMPRODUCT(E6:E15+F6:F15+G6:G15)} -> 4362576.5 | I6: 760000 | J6: 45806 | K6: 九江银行 | N6: 764766.79 | O6: 45791 | P6: 0.09 | Q6: =N6/(1+P6)*P6 -> 63145.882 | R6: {=SUMPRODUCT(F6:F15-N6:N15)} -> 1704123.1 | T6: 0.13
B7: 德安养老中心 | D7: 46185 | F7: 538742.56 | I7: 386650.18 | J7: 45930 | K7: 九江银行 | N7: 381883.39 | O7: 45926 | P7: 0.09 | Q7: =N7/(1+P7)*P7 -> 31531.656 | S7: 补充协议 | T7: 0.09
B8: 德安养老中心 | I8: 948923.39 | J8: 46035 | K8: 九江银行 | N8: 255682.4 | O8: 45992 | P8: 0.09 | Q8: =N8/(1+P8)*P8 -> 21111.391 | T8: 0.06
B9: 德安养老中心 | I9: 186760 | J9: 46031 | K9: 代发工资 | N9: 880000.99 | O9: 46021 | P9: 0.09 | Q9: =N9/(1+P9)*P9 -> 72660.632 | T9: 0.03
B10: 德安养老中心 | I10: 95300 | J10: 46155 | K10: 代发工资 | N10: 95300 | O10: 46153 | P10: 0.09 | Q10: =N10/(1+P10)*P10 -> 7868.8073 | T10: 0.01
B11: 德安养老中心 | I11: 280819.79 | J11: 46198 | K11: 承兑汇票 | N11: 280819.79 | O11: 46191 | P11: 0.09 | Q11: =N11/(1+P11)*P11 -> 23186.955
B12: 德安养老中心 | Q12: =N12/(1+P12)*P12 -> 0
B13: 德安养老中心
B14: 德安养老中心
B15: 德安养老中心

Sheet 抚州1号楼
A3: 应收账款明细表 | B3: 应收账款明细
J4: =HYPERLINK("#总表！A3","返回总表") -> 返回总表
A5: 日期 | B5: 项目名称 | C5: 客户名称 | D5: 合同时间 | E5: 保证金 | F5: 合同总款 | G5: 签证金额（约） | H5: 应收金额 | I5: 已收金额 | J5: 收款日期 | K5: 收款账户 | L5: 未收金额 | M5: 扣款 | N5: 开票金额 | O5: 开票日期 | P5: 税率 | Q5: 税额 | R5: 未开票金额 | S5: 备注 | T5: 参照
B6: 抚州1号楼 | C6: 江西揽之建设工程有限公司 | D6: 25 | F6: 695372.72 | H6: {=SUMPRODUCT(E6:E11+F6:F11+G6:G11)} -> 695372.72 | I6: 281148 | J6: 45910 | K6: 九江银行 | N6: 281148 | O6: 45875 | P6: 0.09 | Q6: =N6/(1+P6)*P6 -> 23214.055 | R6: {=SUMPRODUCT(F6:F15-N6:N15)} -> 133076.72 | T6: 0.13
I7: 281148 | J7: 46034 | K7: 工商银行 | N7: 281148 | O7: 46002 | P7: 0.09 | Q7: =N7/(1+P7)*P7 -> 23214.055 | T7: 0.09
T8: 0.06
T9: 0.03
T10: 0.01

Sheet 抚州8号楼
A3: 应收账款明细表 | B3: 应收账款明细
J4: =HYPERLINK("#总表！A3","返回总表") -> 返回总表
A5: 日期 | B5: 项目名称 | C5: 客户名称 | D5: 合同时间 | E5: 保证金 | F5: 合同总款 | G5: 签证金额（约） | H5: 应收金额 | I5: 已收金额 | J5: 收款日期 | K5: 收款账户 | L5: 未收金额 | M5: 扣款 | N5: 开票金额 | O5: 开票日期 | P5: 税率 | Q5: 税额 | R5: 未开票金额 | S5: 备注 | T5: 参照
C6: 江西揽之建设工程有限公司 | D6: 25 | F6: 576200 | H6: {=SUMPRODUCT(E6:E11+F6:F11+G6:G11)} -> 960000 | I6: 248591.7 | J6: 46066 | K6: 九江银行 | N6: 248591.7 | O6: 46064 | P6: 0.13 | Q6: =N6/(1+P6)*P6 -> 28599.045 | R6: {=SUMPRODUCT(F6:F15-N6:N15)} -> 289406.17 | T6: 0.13
F7: 383800 | I7: 211477 | J7: 46141 | K7: 代发工资 | Q7: =N7/(1+P7)*P7 -> 0 | T7: 0.09
I8: 98825.9 | J8: 46141 | K8: 九江银行 | N8: 98825.9 | O8: 46141 | P8: 0.13 | Q8: =N8/(1+P8)*P8 -> 11369.351 | T8: 0.06
I9: 57183 | J9: 46189 | K9: 代发工资 | N9: 54516.23 | O9: 46199 | P9: 0.13 | Q9: =N9/(1+P9)*P9 -> 6271.7787 | T9: 0.03
I10: 54516.23 | J10: 46232 | K10: 九江银行 | N10: 57183 | O10: 46184 | P10: 0.03 | Q10: =N10/(1+P10)*P10 -> 1665.5243 | T10: 0.01
N11: 211477 | O11: 46141 | P11: 0.03 | Q11: =N11/(1+P11)*P11 -> 6159.5243

Sheet 抚州2号楼
A3: 应收账款明细表 | B3: 应收账款明细
F4: 签证金合计 | G4: =SUM(G6:G32) -> 0 | J4: =HYPERLINK("#总表！A3","返回总表") -> 返回总表
A5: 日期 | B5: 项目名称 | C5: 客户名称 | D5: 合同时间 | E5: 保证金 | F5: 合同总款 | G5: 签证金额（约） | H5: 应收金额 | I5: 已收金额 | J5: 收款日期 | K5: 收款账户 | L5: 未收金额 | M5: 扣款 | N5: 开票金额 | O5: 开票日期 | P5: 税率 | Q5: 税额 | R5: 未开票金额 | S5: 备注 | T5: 参照
B6: 抚州2号楼 | C6: 江西揽之建设工程有限公司 | D6: 46235 | F6: 64000 | H6: =F6+E6+G4-M6 -> 64000 | I6: 51200 | J6: 46262 | K6: 九江银行 | N6: 51200 | O6: 46248 | P6: 0.09 | Q6: =N6/(1+P6)*P6 -> 4227.5229 | R6: {=SUMPRODUCT(F6:F15-N6:N15)} -> 12800 | T6: 0.13
Q7: =N7/(1+P7)*P7 -> 0 | T7: 0.09
Q8: =N8/(1+P8)*P8 -> 0 | T8: 0.06
Q9: =N9/(1+P9)*P9 -> 0 | T9: 0.03
Q10: =N10/(1+P10)*P10 -> 0 | T10: 0.01
Q11: =N11/(1+P11)*P11 -> 0

Sheet 科创中心
A3: 应收账款明细表 | B3: 应收账款明细
J4: =HYPERLINK("#总表！A3","返回总表") -> 返回总表
A5: 日期 | B5: 项目名称 | C5: 客户名称 | D5: 合同时间 | E5: 保证金 | F5: 合同总款 | G5: 签证金额（约） | H5: 应收金额 | I5: 已收金额 | J5: 收款日期 | K5: 收款账户 | L5: 未收金额 | M5: 扣款 | N5: 开票金额 | O5: 开票日期 | P5: 税率 | Q5: 税额 | R5: 未开票金额 | S5: 备注 | T5: 参照
B6: 科创中心 | C6: 德安县市政工程公司 | D6: 45901 | F6: 1641809 | H6: {=SUMPRODUCT(E6:E11+F6:F11+G6:G11)} -> 1641809 | I6: 328361.8 | J6: 45968 | K6: 九江银行 | L6: {=SUMPRODUCT(H6:H11-I6:I11)} -> 493447.2 | N6: 328361.8 | O6: 45926 | P6: 0.09 | Q6: =N6/(1+P6)*P6 -> 27112.442 | R6: {=SUMPRODUCT(F6:F15-N6:N15)} -> 493447.2 | T6: 0.13
I7: 820000 | J7: 46066 | K7: 九江银行 | N7: 820000 | O7: 46065 | P7: 0.09 | Q7: =N7/(1+P7)*P7 -> 67706.422 | T7: 0.09
Q8: =N8/(1+P8)*P8 -> 0 | T8: 0.06
Q9: =N9/(1+P9)*P9 -> 0 | T9: 0.03
Q10: =N10/(1+P10)*P10 -> 0 | T10: 0.01
Q11: =N11/(1+P11)*P11 -> 0

Sheet 邹桥派出所
A3: 应收账款明细表 | B3: 应收账款明细
J4: =HYPERLINK("#总表！A3","返回总表") -> 返回总表
A5: 日期 | B5: 项目名称 | C5: 客户名称 | D5: 合同时间 | E5: 保证金 | F5: 合同总款 | G5: 签证金额（约） | H5: 应收金额 | I5: 已收金额 | J5: 收款日期 | K5: 收款账户 | L5: 未收金额 | M5: 扣款 | N5: 开票金额 | O5: 开票日期 | P5: 税率 | Q5: 税额 | R5: 未开票金额 | S5: 备注 | T5: 参照
B6: 邹桥派出所 | C6: 德安县水利水电建筑工程公司 | D6: 45978 | E6: 4554 | F6: 91006.56 | H6: {=SUMPRODUCT(E6:E11+F6:F11+G6:G11)} -> 95560.56 | I6: 12750 | J6: 46191 | K6: 九江银行 | L6: {=SUMPRODUCT(H6:H11-I6:I11)} -> 7226 | N6: 63746.59 | O6: 46186 | P6: 0.09 | Q6: =N6/(1+P6)*P6 -> 5263.4799 | R6: {=SUMPRODUCT(F6:F15-N6:N15)} -> 2672 | T6: 0.13
I7: 50996.59 | J7: 46202 | K7: 承兑汇票 | N7: 24587.97 | O7: 46288 | P7: 0.09 | Q7: =N7/(1+P7)*P7 -> 2030.1994 | T7: 0.09
I8: 24587.97 | J8: 46295 | K8: 九江银行 | Q8: =N8/(1+P8)*P8 -> 0 | T8: 0.06
Q9: =N9/(1+P9)*P9 -> 0 | T9: 0.03
Q10: =N10/(1+P10)*P10 -> 0 | T10: 0.01
Q11: =N11/(1+P11)*P11 -> 0

Sheet 九安架空层
A3: 应收账款明细表 | B3: 应收账款明细
F4: 签证金合计 | G4: =SUM(G6:G32) -> 0
A5: 日期 | B5: 项目名称 | C5: 客户名称 | D5: 合同时间 | E5: 保证金 | F5: 合同总款 | G5: 签证金额（约） | H5: 应收金额 | I5: 已收金额 | J5: 收款日期 | K5: 收款账户 | L5: 未收金额 | M5: 扣款 | N5: 开票金额 | O5: 开票日期 | P5: 税率 | Q5: 税额 | R5: 未开票金额 | S5: 备注 | T5: 参照
B6: 九安架空层 | C6: 九江浔辉建筑工程有限公司 | F6: 1500000 | H6: =F6+E6+G4-M6 -> 1500000 | I6: 250000 | K6: 代发工资 | Q6: =N6/(1+P6)*P6 -> 0 | R6: {=SUMPRODUCT(F6:F15-N6:N15)} -> 1500000 | T6: 0.13
I7: 420000 | K7: 代付筑强材料 | Q7: =N7/(1+P7)*P7 -> 0 | T7: 0.09
Q8: =N8/(1+P8)*P8 -> 0 | T8: 0.06
Q9: =N9/(1+P9)*P9 -> 0 | T9: 0.03
Q10: =N10/(1+P10)*P10 -> 0 | T10: 0.01
Q11: =N11/(1+P11)*P11 -> 0
Q12: =N12/(1+P12)*P12 -> 0

Sheet 共青办公楼
A3: 应收账款明细表 | B3: 应收账款明细
F4: 签证金合计 | G4: =SUM(G6:G32) -> 0 | J4: =HYPERLINK("#总表！A3","返回总表") -> 返回总表
A5: 日期 | B5: 项目名称 | C5: 客户名称 | D5: 合同时间 | E5: 保证金 | F5: 合同总款 | G5: 签证金额（约） | H5: 应收金额 | I5: 已收金额 | J5: 收款日期 | K5: 收款账户 | L5: 未收金额 | M5: 扣款 | N5: 开票金额 | O5: 开票日期 | P5: 税率 | Q5: 税额 | R5: 备注 | S5: 参照
B6: 共青办公楼 | C6: 共青农商银行 | F6: 85738 | H6: =F6+E6+G4-M6 -> 85738 | I6: 85738 | J6: 45623 | K6: 九江银行 | N6: 85738 | O6: 45623 | P6: 0.09 | Q6: =N6/(1+P6)*P6 -> 7079.2844 | S6: 0.13
Q7: =N7/(1+P7)*P7 -> 0 | S7: 0.09
Q8: =N8/(1+P8)*P8 -> 0 | S8: 0.06
Q9: =N9/(1+P9)*P9 -> 0 | S9: 0.03
Q10: =N10/(1+P10)*P10 -> 0 | S10: 0.01
Q11: =N11/(1+P11)*P11 -> 0

Sheet 隆世光伏
A3: 应收账款明细表 | B3: 应收账款明细
F4: 签证金合计 | G4: =SUM(G6:G32) -> 0 | J4: =HYPERLINK("#总表！A3","返回总表") -> 返回总表
A5: 日期 | B5: 项目名称 | C5: 客户名称 | D5: 合同时间 | E5: 保证金 | F5: 合同总款 | G5: 签证金额（约） | H5: 应收金额 | I5: 已收金额 | J5: 收款日期 | K5: 收款账户 | L5: 未收金额 | M5: 扣款 | N5: 开票金额 | O5: 开票日期 | P5: 税率 | Q5: 税额 | R5: 备注 | S5: 参照
B6: 隆世光伏 | C6: 共青农商银行 | F6: 600000 | H6: =F6+E6+G4-M6 -> 600000 | I6: 300000 | J6: 45446 | K6: 九江银行 | N6: 300000 | O6: 45446 | P6: 0.09 | Q6: =N6/(1+P6)*P6 -> 24770.642 | S6: 0.13
I7: 180000 | J7: 45534 | K7: 九江银行 | N7: 180000 | O7: 45534 | P7: 0.09 | Q7: =N7/(1+P7)*P7 -> 14862.385 | S7: 0.09
I8: 120000 | J8: 46226 | K8: 九江银行 | N8: 120000 | O8: 46190 | P8: 0.09 | Q8: =N8/(1+P8)*P8 -> 9908.2569 | S8: 0.06
Q9: =N9/(1+P9)*P9 -> 0 | S9: 0.03
Q10: =N10/(1+P10)*P10 -> 0 | S10: 0.01
Q11: =N11/(1+P11)*P11 -> 0

Sheet 数字经济产业园
A3: 应收账款明细表 | B3: 应收账款明细
F4: 签证金合计 | G4: =SUM(G6:G32) -> 0 | J4: =HYPERLINK("#总表！A3","返回总表") -> 返回总表
A5: 日期 | B5: 项目名称 | C5: 客户名称 | D5: 合同时间 | E5: 保证金 | F5: 合同总款 | G5: 签证金额（约） | H5: 应收金额 | I5: 已收金额 | J5: 收款日期 | K5: 收款账户 | L5: 未收金额 | M5: 扣款 | N5: 开票金额 | O5: 开票日期 | P5: 税率 | Q5: 税额 | R5: 未开票金额 | S5: 备注 | T5: 参照
B6: 数字产业园 | C6: 江西中寰建筑装饰有限公司 | D6: 46015 | F6: 325612.18 | H6: =F6+E6+G4-M6 -> 325612.18 | I6: 227000 | J6: 46067 | N6: 227000 | O6: 46063 | P6: 0.09 | Q6: =N6/(1+P6)*P6 -> 18743.119 | R6: {=SUMPRODUCT(F6:F15-N6:N15)} -> 38612.18 | T6: 0.13
N7: 60000 | O7: 46294 | P7: 0.09 | Q7: =N7/(1+P7)*P7 -> 4954.1284 | T7: 0.09
Q8: =N8/(1+P8)*P8 -> 0 | T8: 0.06
Q9: =N9/(1+P9)*P9 -> 0 | T9: 0.03
Q10: =N10/(1+P10)*P10 -> 0 | T10: 0.01
Q11: =N11/(1+P11)*P11 -> 0

Sheet 德安农商行总部
A3: 应收账款明细表 | B3: 应收账款明细
F4: 签证金合计 | G4: =SUM(G6:G32) -> 0 | J4: =HYPERLINK("#总表！A3","返回总表") -> 返回总表
A5: 日期 | B5: 项目名称 | C5: 客户名称 | D5: 合同时间 | E5: 保证金 | F5: 合同总款 | G5: 签证金额（约） | H5: 应收金额 | I5: 已收金额 | J5: 收款日期 | K5: 收款账户 | L5: 未收金额 | M5: 扣款 | N5: 开票金额 | O5: 开票日期 | P5: 税率 | Q5: 税额 | R5: 未开票金额 | S5: 备注 | T5: 参照
B6: 德安农商行总部 | C6: 共青农商行 | F6: 8992 | H6: =F6+E6+G4-M6 -> 8992 | I6: 8992 | J6: 46279 | K6: 九江银行 | N6: 8992 | O6: 46184 | P6: 0.09 | Q6: =N6/(1+P6)*P6 -> 742.45872 | R6: {=SUMPRODUCT(F6:F15-N6:N15)} -> 0 | T6: 0.13
Q7: =N7/(1+P7)*P7 -> 0 | T7: 0.09
Q8: =N8/(1+P8)*P8 -> 0 | T8: 0.06
Q9: =N9/(1+P9)*P9 -> 0 | T9: 0.03
Q10: =N10/(1+P10)*P10 -> 0 | T10: 0.01
Q11: =N11/(1+P11)*P11 -> 0

Sheet Sheet4
A3: 应收账款明细表 | B3: 应收账款明细
F4: 签证金合计 | G4: =SUM(G6:G32) -> 0 | J4: =HYPERLINK("#总表！A3","返回总表") -> 返回总表
A5: 日期 | B5: 项目名称 | C5: 客户名称 | D5: 合同时间 | E5: 保证金 | F5: 合同总款 | G5: 签证金额（约） | H5: 应收金额 | I5: 已收金额 | J5: 收款日期 | K5: 收款账户 | L5: 未收金额 | M5: 扣款 | N5: 开票金额 | O5: 开票日期 | P5: 税率 | Q5: 税额 | R5: 未开票金额 | S5: 备注 | T5: 参照
H6: =F6+E6+G4-M6 -> 0 | Q6: =N6/(1+P6)*P6 -> 0 | R6: {=SUMPRODUCT(F6:F15-N6:N15)} -> 0 | T6: 0.13
Q7: =N7/(1+P7)*P7 -> 0 | T7: 0.09
Q8: =N8/(1+P8)*P8 -> 0 | T8: 0.06
Q9: =N9/(1+P9)*P9 -> 0 | T9: 0.03
Q10: =N10/(1+P10)*P10 -> 0 | T10: 0.01
Q11: =N11/(1+P11)*P11 -> 0

Sheet Sheet5
A3: 应收账款明细表 | B3: 应收账款明细
J4: =HYPERLINK("#总表！A3","返回总表") -> 返回总表
A5: 日期 | B5: 项目名称 | C5: 客户名称 | D5: 合同时间 | E5: 保证金 | F5: 合同总款 | G5: 签证金额（约） | H5: 应收金额 | I5: 已收金额 | J5: 收款日期 | K5: 收款账户 | L5: 未收金额 | M5: 扣款 | N5: 开票金额 | O5: 开票日期 | P5: 税率 | Q5: 税额 | R5: 未开票金额 | S5: 备注 | T5: 参照
H6: =F6+E6+G4-M6 -> 0 | Q6: =N6/(1+P6)*P6 -> 0 | R6: {=SUMPRODUCT(F6:F15-N6:N15)} -> 0 | T6: 0.13
Q7: =N7/(1+P7)*P7 -> 0 | T7: 0.09
Q8: =N8/(1+P8)*P8 -> 0 | T8: 0.06
Q9: =N9/(1+P9)*P9 -> 0 | T9: 0.03
Q10: =N10/(1+P10)*P10 -> 0 | T10: 0.01
Q11: =N11/(1+P11)*P11 -> 0
