Workbook

Sheet 总览汇总
A1: 客户存条&货款总览汇总表
A2: 💡 一篮子查看所有客户情况：新增客户请在此表填写初始信息，领用和付款在对应明细表登记，数据自动更新
A3: 序号 | B3: 客户名称 | C3: 初始存条金额(元) | D3: 已领用金额(元) | E3: 剩余存条金额(元) | F3: 已付款金额(元) | G3: 未付货款(元) | H3: 状态 | I3: 库存总结余数量(件) | J3: 库存总结余金额(元)
B4: 合计 | C4: =C155 -> 3333127.2 | D4: =D155 -> 1718940.7 | E4: =E155 -> 1629523 | F4: =F155 -> 4092006.2 | G4: =G155 -> -2377565.5 | H4: =H155 -> 0 | I4: =I155 -> 30091 | J4: =J155 -> 2606252.3
A5: 1 | B5: 星海超市 | C5: 39547 | D5: =IF(B5<>"",SUMIF(出库明细!C:C,B5,出库明细!G:G),"") -> 77322 | E5: =IF(AND(C5<>"",D5<>""),C5-D5,"") -> -37775 | F5: =IF(B5<>"",SUMIF(收付款明细!C:C,B5,收付款明细!D:D),"") -> 148067 | G5: =IF(AND(D5<>"",F5<>""),D5-F5,"") -> -70745 | H5: =IF(B5="","",IF(G5=0,"已结清",IF(G5>0,"有欠款","预存款"))) -> 预存款 | I5: =IFERROR(SUMIF(商品库存!B:B,B5,商品库存!I:I),0) -> 1137 | J5: =IFERROR(SUMIF(商品库存!B:B,B5,商品库存!J:J),0) -> 79591
A6: 2 | B6: 王玉琴 | C6: 99000 | D6: =IF(B6<>"",SUMIF(出库明细!C:C,B6,出库明细!G:G),"") -> 54172.5 | E6: =IF(AND(C6<>"",D6<>""),C6-D6,"") -> 44827.5 | F6: =IF(B6<>"",SUMIF(收付款明细!C:C,B6,收付款明细!D:D),"") -> 106697 | G6: =IF(AND(D6<>"",F6<>""),D6-F6,"") -> -52524.5 | H6: =IF(B6="","",IF(G6=0,"已结清",IF(G6>0,"有欠款","预存款"))) -> 预存款 | I6: =IFERROR(SUMIF(商品库存!B:B,B6,商品库存!I:I),0) -> 550 | J6: =IFERROR(SUMIF(商品库存!B:B,B6,商品库存!J:J),0) -> 49500
A7: 3 | B7: 桐心源 | C7: 700231.47 | D7: =IF(B7<>"",SUMIF(出库明细!C:C,B7,出库明细!G:G),"") -> 416695 | E7: =IF(AND(C7<>"",D7<>""),C7-D7,"") -> 283536.47 | F7: =IF(B7<>"",SUMIF(收付款明细!C:C,B7,收付款明细!D:D),"") -> 868551.47 | G7: =IF(AND(D7<>"",F7<>""),D7-F7,"") -> -451856.47 | H7: =IF(B7="","",IF(G7=0,"已结清",IF(G7>0,"有欠款","预存款"))) -> 预存款 | I7: =IFERROR(SUMIF(商品库存!B:B,B7,商品库存!I:I),0) -> 5560 | J7: =IFERROR(SUMIF(商品库存!B:B,B7,商品库存!J:J),0) -> 469317
A8: 5 | B8: 阿东副食 | C8: 570147.22 | D8: =IF(B8<>"",SUMIF(出库明细!C:C,B8,出库明细!G:G),"") -> 184072 | E8: =IF(AND(C8<>"",D8<>""),C8-D8,"") -> 386075.22 | F8: =IF(B8<>"",SUMIF(收付款明细!C:C,B8,收付款明细!D:D),"") -> 649147.22 | G8: =IF(AND(D8<>"",F8<>""),D8-F8,"") -> -465075.22 | H8: =IF(B8="","",IF(G8=0,"已结清",IF(G8>0,"有欠款","预存款"))) -> 预存款 | I8: =IFERROR(SUMIF(商品库存!B:B,B8,商品库存!I:I),0) -> 6635 | J8: =IFERROR(SUMIF(商品库存!B:B,B8,商品库存!J:J),0) -> 515900
A9: 6 | B9: 金凤副食 | C9: 8950 | D9: =IF(B9<>"",SUMIF(出库明细!C:C,B9,出库明细!G:G),"") -> 47079.2 | E9: =IF(AND(C9<>"",D9<>""),C9-D9,"") -> -38129.2 | F9: =IF(B9<>"",SUMIF(收付款明细!C:C,B9,收付款明细!D:D),"") -> 56950 | G9: =IF(AND(D9<>"",F9<>""),D9-F9,"") -> -9870.8 | H9: =IF(B9="","",IF(G9=0,"已结清",IF(G9>0,"有欠款","预存款"))) -> 预存款 | I9: =IFERROR(SUMIF(商品库存!B:B,B9,商品库存!I:I),0) -> 11 | J9: =IFERROR(SUMIF(商品库存!B:B,B9,商品库存!J:J),0) -> 715.8
B10: 致发商行 | C10: 437965 | D10: =IF(B10<>"",SUMIF(出库明细!C:C,B10,出库明细!G:G),"") -> 164100 | E10: =IF(AND(C10<>"",D10<>""),C10-D10,"") -> 273865 | F10: =IF(B10<>"",SUMIF(收付款明细!C:C,B10,收付款明细!D:D),"") -> 437965 | G10: =IF(AND(D10<>"",F10<>""),D10-F10,"") -> -273865 | H10: =IF(B10="","",IF(G10=0,"已结清",IF(G10>0,"有欠款","预存款"))) -> 预存款 | I10: =IFERROR(SUMIF(商品库存!B:B,B10,商品库存!I:I),0) -> 3275 | J10: =IFERROR(SUMIF(商品库存!B:B,B10,商品库存!J:J),0) -> 273865
A11: 7 | B11: 家家兴超市 | D11: =IF(B11<>"",SUMIF(出库明细!C:C,B11,出库明细!G:G),"") -> 14616.5 | E11: =IF(AND(C11<>"",D11<>""),C11-D11,"") | F11: =IF(B11<>"",SUMIF(收付款明细!C:C,B11,收付款明细!D:D),"") -> 12579 | G11: =IF(AND(D11<>"",F11<>""),D11-F11,"") -> 2037.5 | H11: =IF(B11="","",IF(G11=0,"已结清",IF(G11>0,"有欠款","预存款"))) -> 有欠款 | I11: =IFERROR(SUMIF(商品库存!B:B,B11,商品库存!I:I),0) -> 0 | J11: =IFERROR(SUMIF(商品库存!B:B,B11,商品库存!J:J),0) -> 0
A12: 8 | B12: 通达商行 | C12: 18000 | D12: =IF(B12<>"",SUMIF(出库明细!C:C,B12,出库明细!G:G),"") -> 18000 | E12: =IF(AND(C12<>"",D12<>""),C12-D12,"") -> 0 | F12: =IF(B12<>"",SUMIF(收付款明细!C:C,B12,收付款明细!D:D),"") -> 18000 | G12: =IF(AND(D12<>"",F12<>""),D12-F12,"") -> 0 | H12: =IF(B12="","",IF(G12=0,"已结清",IF(G12>0,"有欠款","预存款"))) -> 已结清 | I12: =IFERROR(SUMIF(商品库存!B:B,B12,商品库存!I:I),0) -> 0 | J12: =IFERROR(SUMIF(商品库存!B:B,B12,商品库存!J:J),0) -> 0
A13: 9 | B13: 宜兴粮油 | C13: 54000 | D13: =IF(B13<>"",SUMIF(出库明细!C:C,B13,出库明细!G:G),"") -> 64943.5 | E13: =IF(AND(C13<>"",D13<>""),C13-D13,"") -> -10943.5 | F13: =IF(B13<>"",SUMIF(收付款明细!C:C,B13,收付款明细!D:D),"") -> 66416.5 | G13: =IF(AND(D13<>"",F13<>""),D13-F13,"") -> -1473 | H13: =IF(B13="","",IF(G13=0,"已结清",IF(G13>0,"有欠款","预存款"))) -> 预存款 | I13: =IFERROR(SUMIF(商品库存!B:B,B13,商品库存!I:I),0) -> 50 | J13: =IFERROR(SUMIF(商品库存!B:B,B13,商品库存!J:J),0) -> 1473
A14: 10 | B14: 马路下小卖部 | C14: 840 | D14: =IF(B14<>"",SUMIF(出库明细!C:C,B14,出库明细!G:G),"") -> 4986 | E14: =IF(AND(C14<>"",D14<>""),C14-D14,"") -> -4146 | F14: =IF(B14<>"",SUMIF(收付款明细!C:C,B14,收付款明细!D:D),"") -> 19440 | G14: =IF(AND(D14<>"",F14<>""),D14-F14,"") -> -14454 | H14: =IF(B14="","",IF(G14=0,"已结清",IF(G14>0,"有欠款","预存款"))) -> 预存款 | I14: =IFERROR(SUMIF(商品库存!B:B,B14,商品库存!I:I),0) -> 150 | J14: =IFERROR(SUMIF(商品库存!B:B,B14,商品库存!J:J),0) -> 13950
A15: 11 | B15: 兴莲隆兴商行 | C15: 30043 | D15: =IF(B15<>"",SUMIF(出库明细!C:C,B15,出库明细!G:G),"") -> 0 | E15: =IF(AND(C15<>"",D15<>""),C15-D15,"") -> 30043 | F15: =IF(B15<>"",SUMIF(收付款明细!C:C,B15,收付款明细!D:D),"") -> 39043 | G15: =IF(AND(D15<>"",F15<>""),D15-F15,"") -> -39043 | H15: =IF(B15="","",IF(G15=0,"已结清",IF(G15>0,"有欠款","预存款"))) -> 预存款 | I15: =IFERROR(SUMIF(商品库存!B:B,B15,商品库存!I:I),0) -> 0 | J15: =IFERROR(SUMIF(商品库存!B:B,B15,商品库存!J:J),0) -> 0
A16: 12 | B16: 诚信粮油 | C16: 29565 | D16: =IF(B16<>"",SUMIF(出库明细!C:C,B16,出库明细!G:G),"") -> 29900 | E16: =IF(AND(C16<>"",D16<>""),C16-D16,"") -> -335 | F16: =IF(B16<>"",SUMIF(收付款明细!C:C,B16,收付款明细!D:D),"") -> 79565 | G16: =IF(AND(D16<>"",F16<>""),D16-F16,"") -> -49665 | H16: =IF(B16="","",IF(G16=0,"已结清",IF(G16>0,"有欠款","预存款"))) -> 预存款 | I16: =IFERROR(SUMIF(商品库存!B:B,B16,商品库存!I:I),0) -> 0 | J16: =IFERROR(SUMIF(商品库存!B:B,B16,商品库存!J:J),0) -> 0
A17: 13 | B17: 李记副食 | C17: 6930 | D17: =IF(B17<>"",SUMIF(出库明细!C:C,B17,出库明细!G:G),"") -> 6562.5 | E17: =IF(AND(C17<>"",D17<>""),C17-D17,"") -> 367.5 | F17: =IF(B17<>"",SUMIF(收付款明细!C:C,B17,收付款明细!D:D),"") -> 6930 | G17: =IF(AND(D17<>"",F17<>""),D17-F17,"") -> -367.5 | H17: =IF(B17="","",IF(G17=0,"已结清",IF(G17>0,"有欠款","预存款"))) -> 预存款 | I17: =IFERROR(SUMIF(商品库存!B:B,B17,商品库存!I:I),0) -> 0 | J17: =IFERROR(SUMIF(商品库存!B:B,B17,商品库存!J:J),0) -> 0
A18: 14 | B18: 吕维春 | C18: 32440 | D18: =IF(B18<>"",SUMIF(出库明细!C:C,B18,出库明细!G:G),"") -> 16400 | E18: =IF(AND(C18<>"",D18<>""),C18-D18,"") -> 16040 | F18: =IF(B18<>"",SUMIF(收付款明细!C:C,B18,收付款明细!D:D),"") -> 62440 | G18: =IF(AND(D18<>"",F18<>""),D18-F18,"") -> -46040 | H18: =IF(B18="","",IF(G18=0,"已结清",IF(G18>0,"有欠款","预存款"))) -> 预存款 | I18: =IFERROR(SUMIF(商品库存!B:B,B18,商品库存!I:I),0) -> 300 | J18: =IFERROR(SUMIF(商品库存!B:B,B18,商品库存!J:J),0) -> 20740
A19: 15 | B19: 兴发商行 | C19: 15300 | D19: =IF(B19<>"",SUMIF(出库明细!C:C,B19,出库明细!G:G),"") -> 9270 | E19: =IF(AND(C19<>"",D19<>""),C19-D19,"") -> 6030 | F19: =IF(B19<>"",SUMIF(收付款明细!C:C,B19,收付款明细!D:D),"") -> 16437.5 | G19: =IF(AND(D19<>"",F19<>""),D19-F19,"") -> -7167.5 | H19: =IF(B19="","",IF(G19=0,"已结清",IF(G19>0,"有欠款","预存款"))) -> 预存款 | I19: =IFERROR(SUMIF(商品库存!B:B,B19,商品库存!I:I),0) -> 80 | J19: =IFERROR(SUMIF(商品库存!B:B,B19,商品库存!J:J),0) -> 7167.5
A20: 16 | B20: 城岗日日升超市 | C20: 36895 | D20: =IF(B20<>"",SUMIF(出库明细!C:C,B20,出库明细!G:G),"") -> 38496.5 | E20: =IF(AND(C20<>"",D20<>""),C20-D20,"") -> -1601.5 | F20: =IF(B20<>"",SUMIF(收付款明细!C:C,B20,收付款明细!D:D),"") -> 63895 | G20: =IF(AND(D20<>"",F20<>""),D20-F20,"") -> -25398.5 | H20: =IF(B20="","",IF(G20=0,"已结清",IF(G20>0,"有欠款","预存款"))) -> 预存款 | I20: =IFERROR(SUMIF(商品库存!B:B,B20,商品库存!I:I),0) -> 545 | J20: =IFERROR(SUMIF(商品库存!B:B,B20,商品库存!J:J),0) -> 25398.5
A21: 17 | B21: 江背久明商行 | C21: 21620 | D21: =IF(B21<>"",SUMIF(出库明细!C:C,B21,出库明细!G:G),"") -> 56620 | E21: =IF(AND(C21<>"",D21<>""),C21-D21,"") -> -35000 | F21: =IF(B21<>"",SUMIF(收付款明细!C:C,B21,收付款明细!D:D),"") -> 21620 | G21: =IF(AND(D21<>"",F21<>""),D21-F21,"") -> 35000 | H21: =IF(B21="","",IF(G21=0,"已结清",IF(G21>0,"有欠款","预存款"))) -> 有欠款 | I21: =IFERROR(SUMIF(商品库存!B:B,B21,商品库存!I:I),0) -> 0 | J21: =IFERROR(SUMIF(商品库存!B:B,B21,商品库存!J:J),0) -> 0
A22: 18 | B22: 社富丽华超市 | C22: 8100 | D22: =IF(B22<>"",SUMIF(出库明细!C:C,B22,出库明细!G:G),"") -> 0 | E22: =IF(AND(C22<>"",D22<>""),C22-D22,"") -> 8100 | F22: =IF(B22<>"",SUMIF(收付款明细!C:C,B22,收付款明细!D:D),"") -> 8100 | G22: =IF(AND(D22<>"",F22<>""),D22-F22,"") -> -8100 | H22: =IF(B22="","",IF(G22=0,"已结清",IF(G22>0,"有欠款","预存款"))) -> 预存款 | I22: =IFERROR(SUMIF(商品库存!B:B,B22,商品库存!I:I),0) -> 90 | J22: =IFERROR(SUMIF(商品库存!B:B,B22,商品库存!J:J),0) -> 8100
A23: 19 | B23: 九鑫粮油 | C23: 3150 | D23: =IF(B23<>"",SUMIF(出库明细!C:C,B23,出库明细!G:G),"") -> 6030 | E23: =IF(AND(C23<>"",D23<>""),C23-D23,"") -> -2880 | F23: =IF(B23<>"",SUMIF(收付款明细!C:C,B23,收付款明细!D:D),"") -> 13150 | G23: =IF(AND(D23<>"",F23<>""),D23-F23,"") -> -7120 | H23: =IF(B23="","",IF(G23=0,"已结清",IF(G23>0,"有欠款","预存款"))) -> 预存款 | I23: =IFERROR(SUMIF(商品库存!B:B,B23,商品库存!I:I),0) -> -32 | J23: =IFERROR(SUMIF(商品库存!B:B,B23,商品库存!J:J),0) -> -2880
... A42: 38 | B42: 崇贤三角超市 | C42: 2955 | D42: =IF(B42<>"",SUMIF(出库明细!C:C,B42,出库明细!G:G),"") -> 2955 | E42: =IF(AND(C42<>"",D42<>""),C42-D42,"") -> 0 | F42: =IF(B42<>"",SUMIF(收付款明细!C:C,B42,收付款明细!D:D),"") -> 2955 | G42: =IF(AND(D42<>"",F42<>""),D42-F42,"") -> 0 | H42: =IF(B42="","",IF(G42=0,"已结清",IF(G42>0,"有欠款","预存款"))) -> 已结清 | I42: =IFERROR(SUMIF(商品库存!B:B,B42,商品库存!I:I),0) -> 0 | J42: =IFERROR(SUMIF(商品库存!B:B,B42,商品库存!J:J),0) -> 0
A43: 39 | B43: 财源批发 | C43: 4500 | D43: =IF(B43<>"",SUMIF(出库明细!C:C,B43,出库明细!G:G),"") -> 4500 | E43: =IF(AND(C43<>"",D43<>""),C43-D43,"") -> 0 | F43: =IF(B43<>"",SUMIF(收付款明细!C:C,B43,收付款明细!D:D),"") -> 4500 | G43: -4500 | H43: =IF(B43="","",IF(G43=0,"已结清",IF(G43>0,"有欠款","预存款"))) -> 预存款 | I43: =IFERROR(SUMIF(商品库存!B:B,B43,商品库存!I:I),0) -> 0 | J43: =IFERROR(SUMIF(商品库存!B:B,B43,商品库存!J:J),0) -> 0
A44: 40 | B44: 标哥副食 | C44: 2526.5 | D44: =IF(B44<>"",SUMIF(出库明细!C:C,B44,出库明细!G:G),"") -> 2526.5 | E44: =IF(AND(C44<>"",D44<>""),C44-D44,"") -> 0 | F44: =IF(B44<>"",SUMIF(收付款明细!C:C,B44,收付款明细!D:D),"") -> 2526.5 | G44: =IF(AND(D44<>"",F44<>""),D44-F44,"") -> 0 | H44: =IF(B44="","",IF(G44=0,"已结清",IF(G44>0,"有欠款","预存款"))) -> 已结清 | I44: =IFERROR(SUMIF(商品库存!B:B,B44,商品库存!I:I),0) -> 0 | J44: =IFERROR(SUMIF(商品库存!B:B,B44,商品库存!J:J),0) -> 0
A45: 41 | B45: 鼎龙陈财超市 | C45: 100000 | D45: =IF(B45<>"",SUMIF(出库明细!C:C,B45,出库明细!G:G),"") -> 10660 | E45: =IF(AND(C45<>"",D45<>""),C45-D45,"") -> 89340 | F45: =IF(B45<>"",SUMIF(收付款明细!C:C,B45,收付款明细!D:D),"") -> 180682.5 | G45: =IF(AND(D45<>"",F45<>""),D45-F45,"") -> -170022.5 | H45: =IF(B45="","",IF(G45=0,"已结清",IF(G45>0,"有欠款","预存款"))) -> 预存款 | I45: =IFERROR(SUMIF(商品库存!B:B,B45,商品库存!I:I),0) -> 2083.5 | J45: =IFERROR(SUMIF(商品库存!B:B,B45,商品库存!J:J),0) -> 310532.5
A46: 42 | B46: 春萌副食 | C46: 2325 | D46: =IF(B46<>"",SUMIF(出库明细!C:C,B46,出库明细!G:G),"") -> 2325 | E46: =IF(AND(C46<>"",D46<>""),C46-D46,"") -> 0 | F46: =IF(B46<>"",SUMIF(收付款明细!C:C,B46,收付款明细!D:D),"") -> 2325 | G46: =IF(AND(D46<>"",F46<>""),D46-F46,"") -> 0 | H46: =IF(B46="","",IF(G46=0,"已结清",IF(G46>0,"有欠款","预存款"))) -> 已结清 | I46: =IFERROR(SUMIF(商品库存!B:B,B46,商品库存!I:I),0) -> 0 | J46: =IFERROR(SUMIF(商品库存!B:B,B46,商品库存!J:J),0) -> 0
A47: 43 | B47: 城西街福临门超市 | C47: 2046 | D47: =IF(B47<>"",SUMIF(出库明细!C:C,B47,出库明细!G:G),"") -> 465 | E47: =IF(AND(C47<>"",D47<>""),C47-D47,"") -> 1581 | F47: =IF(B47<>"",SUMIF(收付款明细!C:C,B47,收付款明细!D:D),"") -> 2046 | G47: =IF(AND(D47<>"",F47<>""),D47-F47,"") -> -1581 | H47: =IF(B47="","",IF(G47=0,"已结清",IF(G47>0,"有欠款","预存款"))) -> 预存款 | I47: =IFERROR(SUMIF(商品库存!B:B,B47,商品库存!I:I),0) -> 17 | J47: =IFERROR(SUMIF(商品库存!B:B,B47,商品库存!J:J),0) -> 1581
A48: 44 | B48: 滨江路莲花便利店 | C48: 1582 | D48: =IF(B48<>"",SUMIF(出库明细!C:C,B48,出库明细!G:G),"") -> 2427 | E48: =IF(AND(C48<>"",D48<>""),C48-D48,"") -> -845 | F48: =IF(B48<>"",SUMIF(收付款明细!C:C,B48,收付款明细!D:D),"") -> 1582 | G48: =IF(AND(D48<>"",F48<>""),D48-F48,"") -> 845 | H48: =IF(B48="","",IF(G48=0,"已结清",IF(G48>0,"有欠款","预存款"))) -> 有欠款 | I48: =IFERROR(SUMIF(商品库存!B:B,B48,商品库存!I:I),0) -> 11 | J48: =IFERROR(SUMIF(商品库存!B:B,B48,商品库存!J:J),0) -> 550
A49: 45 | B49: 马路下小卖部 | C49: 186000 | D49: =IF(B49<>"",SUMIF(出库明细!C:C,B49,出库明细!G:G),"") -> 4986 | E49: =IF(AND(C49<>"",D49<>""),C49-D49,"") -> 181014 | F49: =IF(B49<>"",SUMIF(收付款明细!C:C,B49,收付款明细!D:D),"") -> 19440 | G49: =IF(AND(D49<>"",F49<>""),D49-F49,"") -> -14454 | H49: =IF(B49="","",IF(G49=0,"已结清",IF(G49>0,"有欠款","预存款"))) -> 预存款 | I49: =IFERROR(SUMIF(商品库存!B:B,B49,商品库存!I:I),0) -> 150 | J49: =IFERROR(SUMIF(商品库存!B:B,B49,商品库存!J:J),0) -> 13950
A50: 46 | B50: 好帮手 | C50: 12000 | D50: =IF(B50<>"",SUMIF(出库明细!C:C,B50,出库明细!G:G),"") -> 12327.5 | E50: =IF(AND(C50<>"",D50<>""),C50-D50,"") -> -327.5 | F50: =IF(B50<>"",SUMIF(收付款明细!C:C,B50,收付款明细!D:D),"") -> 12327.5 | G50: =IF(AND(D50<>"",F50<>""),D50-F50,"") -> 0 | H50: =IF(B50="","",IF(G50=0,"已结清",IF(G50>0,"有欠款","预存款"))) -> 已结清 | I50: =IFERROR(SUMIF(商品库存!B:B,B50,商品库存!I:I),0) -> 0 | J50: =IFERROR(SUMIF(商品库存!B:B,B50,商品库存!J:J),0) -> 0
A51: 47 | B51: 优生副食 | D51: =IF(B51<>"",SUMIF(出库明细!C:C,B51,出库明细!G:G),"") -> 720 | E51: =IF(AND(C51<>"",D51<>""),C51-D51,"") | F51: =IF(B51<>"",SUMIF(收付款明细!C:C,B51,收付款明细!D:D),"") -> 0 | G51: =IF(AND(D51<>"",F51<>""),D51-F51,"") -> 720 | H51: =IF(B51="","",IF(G51=0,"已结清",IF(G51>0,"有欠款","预存款"))) -> 有欠款 | I51: =IFERROR(SUMIF(商品库存!B:B,B51,商品库存!I:I),0) -> 0 | J51: =IFERROR(SUMIF(商品库存!B:B,B51,商品库存!J:J),0) -> 0
A52: 48 | B52: 龙岗好又全超市 | C52: 137732 | D52: =IF(B52<>"",SUMIF(出库明细!C:C,B52,出库明细!G:G),"") -> 24252 | E52: =IF(AND(C52<>"",D52<>""),C52-D52,"") -> 113480 | F52: =IF(B52<>"",SUMIF(收付款明细!C:C,B52,收付款明细!D:D),"") -> 152732 | G52: =IF(AND(D52<>"",F52<>""),D52-F52,"") -> -128480 | H52: =IF(B52="","",IF(G52=0,"已结清",IF(G52>0,"有欠款","预存款"))) -> 预存款 | I52: =IFERROR(SUMIF(商品库存!B:B,B52,商品库存!I:I),0) -> 1578 | J52: =IFERROR(SUMIF(商品库存!B:B,B52,商品库存!J:J),0) -> 113930
A53: 49 | B53: 福旺家优购 | C53: 27220 | D53: =IF(B53<>"",SUMIF(出库明细!C:C,B53,出库明细!G:G),"") -> 14037 | E53: =IF(AND(C53<>"",D53<>""),C53-D53,"") -> 13183 | F53: =IF(B53<>"",SUMIF(收付款明细!C:C,B53,收付款明细!D:D),"") -> 27220 | G53: =IF(AND(D53<>"",F53<>""),D53-F53,"") -> -13183 | H53: =IF(B53="","",IF(G53=0,"已结清",IF(G53>0,"有欠款","预存款"))) -> 预存款 | I53: =IFERROR(SUMIF(商品库存!B:B,B53,商品库存!I:I),0) -> 159 | J53: =IFERROR(SUMIF(商品库存!B:B,B53,商品库存!J:J),0) -> 12949
A54: 50 | B54: 友兰商行 | C54: 602 | D54: =IF(B54<>"",SUMIF(出库明细!C:C,B54,出库明细!G:G),"") -> 5252 | E54: =IF(AND(C54<>"",D54<>""),C54-D54,"") -> -4650 | F54: =IF(B54<>"",SUMIF(收付款明细!C:C,B54,收付款明细!D:D),"") -> 5252 | G54: =IF(AND(D54<>"",F54<>""),D54-F54,"") -> 0 | H54: =IF(B54="","",IF(G54=0,"已结清",IF(G54>0,"有欠款","预存款"))) -> 已结清 | I54: =IFERROR(SUMIF(商品库存!B:B,B54,商品库存!I:I),0) -> 0 | J54: =IFERROR(SUMIF(商品库存!B:B,B54,商品库存!J:J),0) -> 0
A55: 51 | B55: 隆坪美林副食 | C55: 5386 | D55: =IF(B55<>"",SUMIF(出库明细!C:C,B55,出库明细!G:G),"") -> 2833 | E55: =IF(AND(C55<>"",D55<>""),C55-D55,"") -> 2553 | F55: =IF(B55<>"",SUMIF(收付款明细!C:C,B55,收付款明细!D:D),"") -> 5386 | G55: =IF(AND(D55<>"",F55<>""),D55-F55,"") -> -2553 | H55: =IF(B55="","",IF(G55=0,"已结清",IF(G55>0,"有欠款","预存款"))) -> 预存款 | I55: =IFERROR(SUMIF(商品库存!B:B,B55,商品库存!I:I),0) -> 0 | J55: =IFERROR(SUMIF(商品库存!B:B,B55,商品库存!J:J),0) -> 0
A56: 52 | B56: 高兴四季春副食 | C56: 2697 | D56: =IF(B56<>"",SUMIF(出库明细!C:C,B56,出库明细!G:G),"") -> 24180 | E56: =IF(AND(C56<>"",D56<>""),C56-D56,"") -> -21483 | F56: =IF(B56<>"",SUMIF(收付款明细!C:C,B56,收付款明细!D:D),"") -> 2697 | G56: =IF(AND(D56<>"",F56<>""),D56-F56,"") -> 21483 | H56: =IF(B56="","",IF(G56=0,"已结清",IF(G56>0,"有欠款","预存款"))) -> 有欠款 | I56: =IFERROR(SUMIF(商品库存!B:B,B56,商品库存!I:I),0) -> 10 | J56: =IFERROR(SUMIF(商品库存!B:B,B56,商品库存!J:J),0) -> -21483
A57: 53 | B57: 崇贤高平副食 | C57: 2325 | D57: =IF(B57<>"",SUMIF(出库明细!C:C,B57,出库明细!G:G),"") -> 1395 | E57: =IF(AND(C57<>"",D57<>""),C57-D57,"") -> 930 | F57: =IF(B57<>"",SUMIF(收付款明细!C:C,B57,收付款明细!D:D),"") -> 2325 | G57: =IF(AND(D57<>"",F57<>""),D57-F57,"") -> -930 | H57: =IF(B57="","",IF(G57=0,"已结清",IF(G57>0,"有欠款","预存款"))) -> 预存款 | I57: =IFERROR(SUMIF(商品库存!B:B,B57,商品库存!I:I),0) -> 10 | J57: =IFERROR(SUMIF(商品库存!B:B,B57,商品库存!J:J),0) -> 930
A58: 54 | B58: 高兴张声英 | C58: 2325 | D58: =IF(B58<>"",SUMIF(出库明细!C:C,B58,出库明细!G:G),"") -> 0 | E58: =IF(AND(C58<>"",D58<>""),C58-D58,"") -> 2325 | F58: =IF(B58<>"",SUMIF(收付款明细!C:C,B58,收付款明细!D:D),"") -> 2325 | G58: =IF(AND(D58<>"",F58<>""),D58-F58,"") -> -2325 | H58: =IF(B58="","",IF(G58=0,"已结清",IF(G58>0,"有欠款","预存款"))) -> 预存款 | I58: =IFERROR(SUMIF(商品库存!B:B,B58,商品库存!I:I),0) -> 25 | J58: =IFERROR(SUMIF(商品库存!B:B,B58,商品库存!J:J),0) -> 2325
A59: 55 | B59: 崇贤粤客隆 | C59: 2325 | D59: =IF(B59<>"",SUMIF(出库明细!C:C,B59,出库明细!G:G),"") -> 2325 | E59: =IF(AND(C59<>"",D59<>""),C59-D59,"") -> 0 | F59: =IF(B59<>"",SUMIF(收付款明细!C:C,B59,收付款明细!D:D),"") -> 2325 | G59: =IF(AND(D59<>"",F59<>""),D59-F59,"") -> 0 | H59: =IF(B59="","",IF(G59=0,"已结清",IF(G59>0,"有欠款","预存款"))) -> 已结清 | I59: =IFERROR(SUMIF(商品库存!B:B,B59,商品库存!I:I),0) -> 0 | J59: =IFERROR(SUMIF(商品库存!B:B,B59,商品库存!J:J),0) -> 0
A60: 56 | B60: 火车站关新平 | C60: 5330 | D60: =IF(B60<>"",SUMIF(出库明细!C:C,B60,出库明细!G:G),"") -> 3470 | E60: =IF(AND(C60<>"",D60<>""),C60-D60,"") -> 1860 | F60: =IF(B60<>"",SUMIF(收付款明细!C:C,B60,收付款明细!D:D),"") -> 5330 | G60: =IF(AND(D60<>"",F60<>""),D60-F60,"") -> -1860 | H60: =IF(B60="","",IF(G60=0,"已结清",IF(G60>0,"有欠款","预存款"))) -> 预存款 | I60: =IFERROR(SUMIF(商品库存!B:B,B60,商品库存!I:I),0) -> 20 | J60: =IFERROR(SUMIF(商品库存!B:B,B60,商品库存!J:J),0) -> 1860
A61: 57 | B61: 洪门五香副食 | C61: 930 | D61: =IF(B61<>"",SUMIF(出库明细!C:C,B61,出库明细!G:G),"") -> 0 | E61: =IF(AND(C61<>"",D61<>""),C61-D61,"") -> 930 | F61: =IF(B61<>"",SUMIF(收付款明细!C:C,B61,收付款明细!D:D),"") -> 930 | G61: =IF(AND(D61<>"",F61<>""),D61-F61,"") -> -930 | H61: =IF(B61="","",IF(G61=0,"已结清",IF(G61>0,"有欠款","预存款"))) -> 预存款 | I61: =IFERROR(SUMIF(商品库存!B:B,B61,商品库存!I:I),0) -> 10 | J61: =IFERROR(SUMIF(商品库存!B:B,B61,商品库存!J:J),0) -> 930
A62: 58 | B62: 高兴美宜佳 | C62: 9000 | D62: =IF(B62<>"",SUMIF(出库明细!C:C,B62,出库明细!G:G),"") -> 9000 | E62: =IF(AND(C62<>"",D62<>""),C62-D62,"") -> 0 | F62: =IF(B62<>"",SUMIF(收付款明细!C:C,B62,收付款明细!D:D),"") -> 9704 | G62: =IF(AND(D62<>"",F62<>""),D62-F62,"") -> -704 | H62: =IF(B62="","",IF(G62=0,"已结清",IF(G62>0,"有欠款","预存款"))) -> 预存款 | I62: =IFERROR(SUMIF(商品库存!B:B,B62,商品库存!I:I),0) -> 0 | J62: =IFERROR(SUMIF(商品库存!B:B,B62,商品库存!J:J),0) -> 0
A63: 59 | B63: 良村万家欢超市 | C63: 1395 | D63: =IF(B63<>"",SUMIF(出库明细!C:C,B63,出库明细!G:G),"") -> 1395 | E63: =IF(AND(C63<>"",D63<>""),C63-D63,"") -> 0 | F63: =IF(B63<>"",SUMIF(收付款明细!C:C,B63,收付款明细!D:D),"") -> 1395 | G63: =IF(AND(D63<>"",F63<>""),D63-F63,"") -> 0 | H63: =IF(B63="","",IF(G63=0,"已结清",IF(G63>0,"有欠款","预存款"))) -> 已结清 | I63: =IFERROR(SUMIF(商品库存!B:B,B63,商品库存!I:I),0) -> 0 | J63: =IFERROR(SUMIF(商品库存!B:B,B63,商品库存!J:J),0) -> 0
... A83: 79 | B83: 长岗岭万家乐超市 | C83: 2790 | D83: =IF(B83<>"",SUMIF(出库明细!C:C,B83,出库明细!G:G),"") -> 0 | E83: =IF(AND(C83<>"",D83<>""),C83-D83,"") -> 2790 | F83: =IF(B83<>"",SUMIF(收付款明细!C:C,B83,收付款明细!D:D),"") -> 2790 | G83: =IF(AND(D83<>"",F83<>""),D83-F83,"") -> -2790 | H83: =IF(B83="","",IF(G83=0,"已结清",IF(G83>0,"有欠款","预存款"))) -> 预存款 | I83: =IFERROR(SUMIF(商品库存!B:B,B83,商品库存!I:I),0) -> 30 | J83: =IFERROR(SUMIF(商品库存!B:B,B83,商品库存!J:J),0) -> 2790
B84: 龙岗荣鑫商行 | C84: 4500 | D84: =IF(B84<>"",SUMIF(出库明细!C:C,B84,出库明细!G:G),"") -> 0 | E84: =IF(AND(C84<>"",D84<>""),C84-D84,"") -> 4500 | F84: =IF(B84<>"",SUMIF(收付款明细!C:C,B84,收付款明细!D:D),"") -> 4500 | G84: =IF(AND(D84<>"",F84<>""),D84-F84,"") -> -4500 | H84: =IF(B84="","",IF(G84=0,"已结清",IF(G84>0,"有欠款","预存款"))) -> 预存款 | I84: =IFERROR(SUMIF(商品库存!B:B,B84,商品库存!I:I),0) -> 50 | J84: =IFERROR(SUMIF(商品库存!B:B,B84,商品库存!J:J),0) -> 4500
B85: 城岗老石商行 | C85: 2700 | D85: =IF(B85<>"",SUMIF(出库明细!C:C,B85,出库明细!G:G),"") -> 0 | E85: =IF(AND(C85<>"",D85<>""),C85-D85,"") -> 2700 | F85: =IF(B85<>"",SUMIF(收付款明细!C:C,B85,收付款明细!D:D),"") -> 2700 | G85: =IF(AND(D85<>"",F85<>""),D85-F85,"") -> -2700 | H85: =IF(B85="","",IF(G85=0,"已结清",IF(G85>0,"有欠款","预存款"))) -> 预存款 | I85: =IFERROR(SUMIF(商品库存!B:B,B85,商品库存!I:I),0) -> 30 | J85: =IFERROR(SUMIF(商品库存!B:B,B85,商品库存!J:J),0) -> 2700
B86: 埠头万客欢 | C86: 2750 | D86: =IF(B86<>"",SUMIF(出库明细!C:C,B86,出库明细!G:G),"") -> 0 | E86: =IF(AND(C86<>"",D86<>""),C86-D86,"") -> 2750 | F86: =IF(B86<>"",SUMIF(收付款明细!C:C,B86,收付款明细!D:D),"") -> 2750 | G86: =IF(AND(D86<>"",F86<>""),D86-F86,"") -> -2750 | H86: =IF(B86="","",IF(G86=0,"已结清",IF(G86>0,"有欠款","预存款"))) -> 预存款 | I86: =IFERROR(SUMIF(商品库存!B:B,B86,商品库存!I:I),0) -> 250 | J86: =IFERROR(SUMIF(商品库存!B:B,B86,商品库存!J:J),0) -> 1900
D87: =IF(B87<>"",SUMIF(出库明细!C:C,B87,出库明细!G:G),"") | E87: =IF(AND(C87<>"",D87<>""),C87-D87,"") | F87: =IF(B87<>"",SUMIF(收付款明细!C:C,B87,收付款明细!D:D),"") | G87: =IF(AND(D87<>"",F87<>""),D87-F87,"") | H87: =IF(B87="","",IF(G87=0,"已结清",IF(G87>0,"有欠款","预存款"))) | I87: =IFERROR(SUMIF(商品库存!B:B,B87,商品库存!I:I),0) -> 0 | J87: =IFERROR(SUMIF(商品库存!B:B,B87,商品库存!J:J),0) -> 0
D88: =IF(B88<>"",SUMIF(出库明细!C:C,B88,出库明细!G:G),"") | E88: =IF(AND(C88<>"",D88<>""),C88-D88,"") | F88: =IF(B88<>"",SUMIF(收付款明细!C:C,B88,收付款明细!D:D),"") | G88: =IF(AND(D88<>"",F88<>""),D88-F88,"") | H88: =IF(B88="","",IF(G88=0,"已结清",IF(G88>0,"有欠款","预存款"))) | I88: =IFERROR(SUMIF(商品库存!B:B,B88,商品库存!I:I),0) -> 0 | J88: =IFERROR(SUMIF(商品库存!B:B,B88,商品库存!J:J),0) -> 0
D89: =IF(B89<>"",SUMIF(出库明细!C:C,B89,出库明细!G:G),"") | E89: =IF(AND(C89<>"",D89<>""),C89-D89,"") | F89: =IF(B89<>"",SUMIF(收付款明细!C:C,B89,收付款明细!D:D),"") | G89: =IF(AND(D89<>"",F89<>""),D89-F89,"") | H89: =IF(B89="","",IF(G89=0,"已结清",IF(G89>0,"有欠款","预存款"))) | I89: =IFERROR(SUMIF(商品库存!B:B,B89,商品库存!I:I),0) -> 0 | J89: =IFERROR(SUMIF(商品库存!B:B,B89,商品库存!J:J),0) -> 0
D90: =IF(B90<>"",SUMIF(出库明细!C:C,B90,出库明细!G:G),"") | E90: =IF(AND(C90<>"",D90<>""),C90-D90,"") | F90: =IF(B90<>"",SUMIF(收付款明细!C:C,B90,收付款明细!D:D),"") | G90: =IF(AND(D90<>"",F90<>""),D90-F90,"") | H90: =IF(B90="","",IF(G90=0,"已结清",IF(G90>0,"有欠款","预存款"))) | I90: =IFERROR(SUMIF(商品库存!B:B,B90,商品库存!I:I),0) -> 0 | J90: =IFERROR(SUMIF(商品库存!B:B,B90,商品库存!J:J),0) -> 0
D91: =IF(B91<>"",SUMIF(出库明细!C:C,B91,出库明细!G:G),"") | E91: =IF(AND(C91<>"",D91<>""),C91-D91,"") | F91: =IF(B91<>"",SUMIF(收付款明细!C:C,B91,收付款明细!D:D),"") | G91: =IF(AND(D91<>"",F91<>""),D91-F91,"") | H91: =IF(B91="","",IF(G91=0,"已结清",IF(G91>0,"有欠款","预存款"))) | I91: =IFERROR(SUMIF(商品库存!B:B,B91,商品库存!I:I),0) -> 0 | J91: =IFERROR(SUMIF(商品库存!B:B,B91,商品库存!J:J),0) -> 0
D92: =IF(B92<>"",SUMIF(出库明细!C:C,B92,出库明细!G:G),"") | E92: =IF(AND(C92<>"",D92<>""),C92-D92,"") | F92: =IF(B92<>"",SUMIF(收付款明细!C:C,B92,收付款明细!D:D),"") | G92: =IF(AND(D92<>"",F92<>""),D92-F92,"") | H92: =IF(B92="","",IF(G92=0,"已结清",IF(G92>0,"有欠款","预存款"))) | I92: =IFERROR(SUMIF(商品库存!B:B,B92,商品库存!I:I),0) -> 0 | J92: =IFERROR(SUMIF(商品库存!B:B,B92,商品库存!J:J),0) -> 0
D93: =IF(B93<>"",SUMIF(出库明细!C:C,B93,出库明细!G:G),"") | E93: =IF(AND(C93<>"",D93<>""),C93-D93,"") | F93: =IF(B93<>"",SUMIF(收付款明细!C:C,B93,收付款明细!D:D),"") | G93: =IF(AND(D93<>"",F93<>""),D93-F93,"") | H93: =IF(B93="","",IF(G93=0,"已结清",IF(G93>0,"有欠款","预存款"))) | I93: =IFERROR(SUMIF(商品库存!B:B,B93,商品库存!I:I),0) -> 0 | J93: =IFERROR(SUMIF(商品库存!B:B,B93,商品库存!J:J),0) -> 0
D94: =IF(B94<>"",SUMIF(出库明细!C:C,B94,出库明细!G:G),"") | E94: =IF(AND(C94<>"",D94<>""),C94-D94,"") | F94: =IF(B94<>"",SUMIF(收付款明细!C:C,B94,收付款明细!D:D),"") | G94: =IF(AND(D94<>"",F94<>""),D94-F94,"") | H94: =IF(B94="","",IF(G94=0,"已结清",IF(G94>0,"有欠款","预存款"))) | I94: =IFERROR(SUMIF(商品库存!B:B,B94,商品库存!I:I),0) -> 0 | J94: =IFERROR(SUMIF(商品库存!B:B,B94,商品库存!J:J),0) -> 0
D95: =IF(B95<>"",SUMIF(出库明细!C:C,B95,出库明细!G:G),"") | E95: =IF(AND(C95<>"",D95<>""),C95-D95,"") | F95: =IF(B95<>"",SUMIF(收付款明细!C:C,B95,收付款明细!D:D),"") | G95: =IF(AND(D95<>"",F95<>""),D95-F95,"") | H95: =IF(B95="","",IF(G95=0,"已结清",IF(G95>0,"有欠款","预存款"))) | I95: =IFERROR(SUMIF(商品库存!B:B,B95,商品库存!I:I),0) -> 0 | J95: =IFERROR(SUMIF(商品库存!B:B,B95,商品库存!J:J),0) -> 0
D96: =IF(B96<>"",SUMIF(出库明细!C:C,B96,出库明细!G:G),"") | E96: =IF(AND(C96<>"",D96<>""),C96-D96,"") | F96: =IF(B96<>"",SUMIF(收付款明细!C:C,B96,收付款明细!D:D),"") | G96: =IF(AND(D96<>"",F96<>""),D96-F96,"") | H96: =IF(B96="","",IF(G96=0,"已结清",IF(G96>0,"有欠款","预存款"))) | I96: =IFERROR(SUMIF(商品库存!B:B,B96,商品库存!I:I),0) -> 0 | J96: =IFERROR(SUMIF(商品库存!B:B,B96,商品库存!J:J),0) -> 0
D97: =IF(B97<>"",SUMIF(出库明细!C:C,B97,出库明细!G:G),"") | E97: =IF(AND(C97<>"",D97<>""),C97-D97,"") | F97: =IF(B97<>"",SUMIF(收付款明细!C:C,B97,收付款明细!D:D),"") | G97: =IF(AND(D97<>"",F97<>""),D97-F97,"") | H97: =IF(B97="","",IF(G97=0,"已结清",IF(G97>0,"有欠款","预存款"))) | I97: =IFERROR(SUMIF(商品库存!B:B,B97,商品库存!I:I),0) -> 0 | J97: =IFERROR(SUMIF(商品库存!B:B,B97,商品库存!J:J),0) -> 0
D98: =IF(B98<>"",SUMIF(出库明细!C:C,B98,出库明细!G:G),"") | E98: =IF(AND(C98<>"",D98<>""),C98-D98,"") | F98: =IF(B98<>"",SUMIF(收付款明细!C:C,B98,收付款明细!D:D),"") | G98: =IF(AND(D98<>"",F98<>""),D98-F98,"") | H98: =IF(B98="","",IF(G98=0,"已结清",IF(G98>0,"有欠款","预存款"))) | I98: =IFERROR(SUMIF(商品库存!B:B,B98,商品库存!I:I),0) -> 0 | J98: =IFERROR(SUMIF(商品库存!B:B,B98,商品库存!J:J),0) -> 0
... D152: =IF(B152<>"",SUMIF(出库明细!C:C,B152,出库明细!G:G),"") | E152: =IF(AND(C152<>"",D152<>""),C152-D152,"") | F152: =IF(B152<>"",SUMIF(收付款明细!C:C,B152,收付款明细!D:D),"") | G152: =IF(AND(D152<>"",F152<>""),D152-F152,"") | H152: =IF(B152="","",IF(G152=0,"已结清",IF(G152>0,"有欠款","预存款"))) | I152: =IFERROR(SUMIF(商品库存!B:B,B152,商品库存!I:I),0) -> 0 | J152: =IFERROR(SUMIF(商品库存!B:B,B152,商品库存!J:J),0) -> 0
A153: 29 | D153: =IF(B153<>"",SUMIF(出库明细!C:C,B153,出库明细!G:G),"") | E153: =IF(AND(C153<>"",D153<>""),C153-D153,"") | F153: =IF(B153<>"",SUMIF(收付款明细!C:C,B153,收付款明细!D:D),"") | G153: =IF(AND(D153<>"",F153<>""),D153-F153,"") | H153: =IF(B153="","",IF(G153=0,"已结清",IF(G153>0,"有欠款","预存款"))) | I153: =IFERROR(SUMIF(商品库存!B:B,B153,商品库存!I:I),0) -> 0 | J153: =IFERROR(SUMIF(商品库存!B:B,B153,商品库存!J:J),0) -> 0
A154: 30 | D154: =IF(B154<>"",SUMIF(出库明细!C:C,B154,出库明细!G:G),"") | E154: =IF(AND(C154<>"",D154<>""),C154-D154,"") | F154: =IF(B154<>"",SUMIF(收付款明细!C:C,B154,收付款明细!D:D),"") | G154: =IF(AND(D154<>"",F154<>""),D154-F154,"") | H154: =IF(B154="","",IF(G154=0,"已结清",IF(G154>0,"有欠款","预存款"))) | I154: =IFERROR(SUMIF(商品库存!B:B,B154,商品库存!I:I),0) -> 0 | J154: =IFERROR(SUMIF(商品库存!C:C,C154,商品库存!J:J),0) -> 0
A155: 合计 | C155: =SUM(C5:C154) -> 3333127.2 | D155: =SUM(D5:D154) -> 1718940.7 | E155: =SUM(E5:E154) -> 1629523 | F155: =SUM(F5:F154) -> 4092006.2 | G155: =SUM(G5:G154) -> -2377565.5 | I155: =SUM(I5:I154) -> 30091 | J155: =SUM(J5:J154) -> 2606252.3

Sheet 出库明细
A1: 商品领用明细台账
A2: 💡 每次送货/拣货在此登记，总览表和库存表自动更新
A3: 序号 | B3: 日期 | D3: 商品品类 | E3: 领用数量(件) | F3: 单价(元/件) | G3: 本次领用金额(元) | H3: 备注
A4: 1 | B4: 46202 | C4: 阿东副食 | D4: 555补水 | E4: 11 | F4: 65 | G4: =IF(AND(E4<>"",F4<>""),E4*F4,"") -> 715
A5: 2 | B5: 46202 | C5: 阿东副食 | D5: 小焙好茶 | E5: 20 | F5: 48 | G5: =IF(AND(E5<>"",F5<>""),E5*F5,"") -> 960
A6: 3 | B6: 46203 | C6: 阿东副食 | D6: 小果之茶 | E6: 166 | F6: 47 | G6: =IF(AND(E6<>"",F6<>""),E6*F6,"") -> 7802
A7: 4 | B7: 46210 | C7: 阿东副食 | D7: 555补水 | E7: 80 | F7: 65 | G7: =IF(AND(E7<>"",F7<>""),E7*F7,"") -> 5200
A8: 5 | B8: 46210 | C8: 阿东副食 | D8: 1L补水 | E8: 50 | F8: 55 | G8: =IF(AND(E8<>"",F8<>""),E8*F8,"") -> 2750
A9: 6 | B9: 46220 | C9: 阿东副食 | D9: 1L果之茶 | E9: 90 | F9: 43 | G9: =IF(AND(E9<>"",F9<>""),E9*F9,"") -> 3870
A10: 7 | B10: 46220 | C10: 阿东副食 | D10: 小焙好茶 | E10: 20 | F10: 48 | G10: =IF(AND(E10<>"",F10<>""),E10*F10,"") -> 960
A11: 8 | B11: 46220 | C11: 阿东副食 | D11: 555补水 | E11: 25 | F11: 65 | G11: =IF(AND(E11<>"",F11<>""),E11*F11,"") -> 1625
A12: 9 | B12: 46220 | C12: 阿东副食 | D12: 小果之茶 | E12: 50 | F12: 47 | G12: =IF(AND(E12<>"",F12<>""),E12*F12,"") -> 2350
A13: 10 | B13: 46227 | C13: 阿东副食 | D13: 大咖 | E13: 50 | F13: 83 | G13: =IF(AND(E13<>"",F13<>""),E13*F13,"") -> 4150
A14: 11 | B14: 46225 | C14: 阿东副食 | D14: 330大咖 | E14: 20 | F14: 90 | G14: =IF(AND(E14<>"",F14<>""),E14*F14,"") -> 1800
A15: 12 | B15: 46225 | C15: 阿东副食 | D15: 555补水 | E15: 30 | F15: 65 | G15: =IF(AND(E15<>"",F15<>""),E15*F15,"") -> 1950
... A25: 22 | B25: 46230 | C25: 诚信粮油 | D25: 大东鹏 | E25: 100 | F25: 90 | G25: =IF(AND(E25<>"",F25<>""),E25*F25,"") -> 9000
A26: 23 | B26: 46214 | C26: 城北街隆兴商行 | D26: 大东鹏 | E26: 1 | G26: =IF(AND(E26<>"",F26<>""),E26*F26,"")
A27: 24 | B27: 46214 | C27: 城北街隆兴商行 | D27: 555补水 | E27: 3 | F27: 68 | G27: =IF(AND(E27<>"",F27<>""),E27*F27,"") -> 204
A28: 25 | B28: 46214 | C28: 城北街隆兴商行 | D28: 555补水 | E28: 1 | G28: =IF(AND(E28<>"",F28<>""),E28*F28,"")
A29: 26 | B29: 46221 | C29: 崇贤三角超市 | D29: 1L补水 | E29: 5 | F29: 58 | G29: =IF(AND(E29<>"",F29<>""),E29*F29,"") -> 290
A30: 27 | B30: 46197 | C30: 枫边德华超市 | D30: 555补水 | E30: 30 | F30: 65 | G30: =IF(AND(E30<>"",F30<>""),E30*F30,"") -> 1950
A31: 28 | B31: 46221 | C31: 枫边德华超市 | D31: 大东鹏 | E31: 100 | F31: 90 | G31: =IF(AND(E31<>"",F31<>""),E31*F31,"") -> 9000
A32: 29 | B32: 46213 | C32: 福旺家优购 | D32: 大东鹏 | E32: 20 | F32: 93 | G32: =IF(AND(E32<>"",F32<>""),E32*F32,"") -> 1860
A33: 30 | B33: 46213 | C33: 福旺家优购 | D33: 小果之茶 | E33: 5 | F33: 50 | G33: =IF(AND(E33<>"",F33<>""),E33*F33,"") -> 250
A34: 31 | B34: 46213 | C34: 福旺家优购 | D34: 555补水 | E34: 3 | F34: 68 | G34: =IF(AND(E34<>"",F34<>""),E34*F34,"") -> 204
A35: 32 | B35: 46213 | C35: 福旺家优购 | D35: 1L补水 | E35: 3 | F35: 58 | G35: =IF(AND(E35<>"",F35<>""),E35*F35,"") -> 174
A36: 33 | B36: 46222 | C36: 福旺家优购 | D36: 1L补水 | E36: 12 | F36: 58 | G36: =IF(AND(E36<>"",F36<>""),E36*F36,"") -> 696
A37: 34 | B37: 46222 | C37: 福旺家优购 | D37: 1L果之茶 | E37: 10 | F37: 46 | G37: =IF(AND(E37<>"",F37<>""),E37*F37,"") -> 460
A38: 35 | B38: 46219 | C38: 福旺家优购 | D38: 大东鹏 | E38: 25 | F38: 93 | G38: =IF(AND(E38<>"",F38<>""),E38*F38,"") -> 2325
A39: 36 | B39: 46219 | C39: 福旺家优购 | D39: 555补水 | E39: 11 | F39: 68 | G39: =IF(AND(E39<>"",F39<>""),E39*F39,"") -> 748
A40: 37 | B40: 46219 | C40: 福旺家优购 | D40: 港式奶茶 | E40: 2 | F40: 72 | G40: =IF(AND(E40<>"",F40<>""),E40*F40,"") -> 144
... A61: 58 | B61: 46230 | C61: 洪门兴诚超市 | D61: 大东鹏 | E61: 100 | F61: 90 | G61: =IF(AND(E61<>"",F61<>""),E61*F61,"") -> 9000
A62: 59 | B62: 46195 | C62: 家家兴超市 | D62: 500农夫饮料 | E62: 4 | F62: 54 | G62: =IF(AND(E62<>"",F62<>""),E62*F62,"") -> 216 | H62: 高兴店
A63: 60 | B63: 46195 | C63: 家家兴超市 | D63: 500农夫饮料 | E63: 5 | F63: 54 | G63: =IF(AND(E63<>"",F63<>""),E63*F63,"") -> 270 | H63: 城岗店
A64: 61 | B64: 46200 | C64: 家家兴超市 | D64: 500农夫饮料 | E64: 6 | F64: 54 | G64: =IF(AND(E64<>"",F64<>""),E64*F64,"") -> 324 | H64: 龙岗店
A65: 62 | B65: 46203 | C65: 家家兴超市 | D65: 500农夫饮料 | E65: 10 | F65: 54 | G65: =IF(AND(E65<>"",F65<>""),E65*F65,"") -> 540 | H65: 模范城
A66: 63 | B66: 46203 | C66: 家家兴超市 | D66: 1.5L水 | E66: 2 | F66: 25 | G66: =IF(AND(E66<>"",F66<>""),E66*F66,"") -> 50
A67: 64 | B67: 46204 | C67: 家家兴超市 | D67: 500农夫饮料 | E67: 2 | F67: 54 | G67: =IF(AND(E67<>"",F67<>""),E67*F67,"") -> 108 | H67: 梅窖
A68: 65 | B68: 46204 | C68: 家家兴超市 | D68: 550农夫纯净水 | E68: 50 | F68: 14 | G68: =IF(AND(E68<>"",F68<>""),E68*F68,"") -> 700 | H68: 梅窖
A69: 66 | B69: 46204 | C69: 家家兴超市 | D69: 550农夫纯净水 | E69: -6.5 | F69: 14 | G69: =IF(AND(E69<>"",F69<>""),E69*F69,"") -> -91
A70: 67 | B70: 46205 | C70: 家家兴超市 | D70: 500农夫饮料 | E70: 2 | F70: 54 | G70: =IF(AND(E70<>"",F70<>""),E70*F70,"") -> 108 | H70: 高兴店
A71: 68 | B71: 46206 | C71: 家家兴超市 | D71: 500农夫饮料 | E71: 7 | F71: 54 | G71: =IF(AND(E71<>"",F71<>""),E71*F71,"") -> 378 | H71: 龙岗爱客来
A72: 69 | B72: 46206 | C72: 家家兴超市 | D72: 900农夫饮料 | E72: 2 | F72: 65 | G72: =IF(AND(E72<>"",F72<>""),E72*F72,"") -> 130
A73: 70 | B73: 46206 | C73: 家家兴超市 | D73: 500农夫饮料 | E73: 4 | F73: 54 | G73: =IF(AND(E73<>"",F73<>""),E73*F73,"") -> 216 | H73: 长岗爱客来
A74: 71 | B74: 46207 | C74: 家家兴超市 | D74: 大东鹏 | E74: 100 | F74: 95 | G74: =IF(AND(E74<>"",F74<>""),E74*F74,"") -> 9500 | H74: 火车站家家兴
A75: 72 | B75: 46210 | C75: 家家兴超市 | D75: 900农夫饮料 | E75: 2 | F75: 65 | G75: =IF(AND(E75<>"",F75<>""),E75*F75,"") -> 130 | H75: 梅窖
A76: 73 | B76: 46217 | C76: 家家兴超市 | D76: 500农夫饮料 | E76: 2 | F76: 54 | G76: =IF(AND(E76<>"",F76<>""),E76*F76,"") -> 108
A77: 74 | B77: 46218 | C77: 家家兴超市 | D77: 500农夫饮料 | E77: 5 | F77: 54 | G77: =IF(AND(E77<>"",F77<>""),E77*F77,"") -> 270
A78: 75 | B78: 46218 | C78: 家家兴超市 | D78: 550农夫水 | E78: 3.5 | F78: 25 | G78: =IF(AND(E78<>"",F78<>""),E78*F78,"") -> 87.5
A79: 76 | B79: 46219 | C79: 家家兴超市 | D79: 500农夫饮料 | E79: 3 | F79: 54 | G79: =IF(AND(E79<>"",F79<>""),E79*F79,"") -> 162
A80: 77 | B80: 46211 | C80: 江背久明商行 | D80: 大东鹏 | E80: 300 | F80: 90 | G80: =IF(AND(E80<>"",F80<>""),E80*F80,"") -> 27000
A81: 78 | B81: 46211 | C81: 江背久明商行 | D81: 小果之茶 | E81: 30 | F81: 47 | G81: =IF(AND(E81<>"",F81<>""),E81*F81,"") -> 1410
A82: 79 | B82: 46226 | C82: 江背久明商行 | D82: 大咖 | E82: 80 | F82: 83 | G82: =IF(AND(E82<>"",F82<>""),E82*F82,"") -> 6640
A83: 80 | B83: 46219 | C83: 金凤副食 | D83: 大东鹏 | E83: 50 | F83: 90 | G83: =IF(AND(E83<>"",F83<>""),E83*F83,"") -> 4500
A84: 81 | B84: 46221 | C84: 九鑫粮油 | D84: 大东鹏 | E84: 35 | F84: 90 | G84: =IF(AND(E84<>"",F84<>""),E84*F84,"") -> 3150 | H84: 存条已清
A85: 82 | B85: 46202 | C85: 李记副食 | D85: 555补水 | E85: 4 | F85: 65 | G85: =IF(AND(E85<>"",F85<>""),E85*F85,"") -> 260
A86: 83 | B86: 46209 | C86: 李记副食 | D86: 555补水 | E86: 16.5 | F86: 65 | G86: =IF(AND(E86<>"",F86<>""),E86*F86,"") -> 1072.5
A87: 84 | B87: 46226 | C87: 李记副食 | D87: 小东鹏 | E87: 5 | F87: 51 | G87: =IF(AND(E87<>"",F87<>""),E87*F87,"") -> 255
A88: 85 | B88: 46227 | C88: 龙岗好又全超市 | D88: 555补水 | E88: 50 | F88: 65 | G88: =IF(AND(E88<>"",F88<>""),E88*F88,"") -> 3250
A89: 86 | B89: 46227 | C89: 龙岗好又全超市 | D89: 1L补水 | E89: 50 | F89: 55 | G89: =IF(AND(E89<>"",F89<>""),E89*F89,"") -> 2750
A90: 87 | B90: 46227 | C90: 龙岗好又全超市 | D90: 1L果之茶 | E90: 50 | F90: 43 | G90: =IF(AND(E90<>"",F90<>""),E90*F90,"") -> 2150
A91: 88 | B91: 46227 | C91: 龙岗好又全超市 | D91: 大咖 | E91: 14 | F91: 83 | G91: =IF(AND(E91<>"",F91<>""),E91*F91,"") -> 1162
A92: 89 | B92: 46227 | C92: 隆坪美林副食 | D92: 小果之茶 | E92: 6 | F92: 50 | G92: =IF(AND(E92<>"",F92<>""),E92*F92,"") -> 300
A93: 90 | B93: 46227 | C93: 隆坪美林副食 | D93: 1L焙好茶 | E93: 1 | F93: 46 | G93: =IF(AND(E93<>"",F93<>""),E93*F93,"") -> 46
A94: 91 | B94: 46219 | C94: 隆坪美林副食 | D94: 1L补水 | E94: 4 | F94: 58 | G94: =IF(AND(E94<>"",F94<>""),E94*F94,"") -> 232
A95: 92 | B95: 46219 | C95: 隆坪美林副食 | D95: 555补水 | E95: 11 | F95: 68 | G95: 680
A96: 93 | B96: 46219 | C96: 隆坪美林副食 | D96: 小果之茶 | E96: 3 | F96: 50 | G96: =IF(AND(E96<>"",F96<>""),E96*F96,"") -> 150
A97: 94 | B97: 46219 | C97: 隆坪美林副食 | D97: 1L果之茶 | E97: 6 | F97: 46 | G97: =IF(AND(E97<>"",F97<>""),E97*F97,"") -> 276
A98: 95 | B98: 46213 | C98: 吕维春 | D98: 大东鹏 | E98: 50 | F98: 90 | G98: =IF(AND(E98<>"",F98<>""),E98*F98,"") -> 4500
A99: 96 | B99: 46200 | C99: 马路下小卖部 | D99: 小果之茶 | E99: 2 | F99: 50 | G99: =IF(AND(E99<>"",F99<>""),E99*F99,"") -> 100
A100: 97 | B100: 46210 | C100: 马路下小卖部 | D100: 555补水 | E100: 2 | F100: 68 | G100: =IF(AND(E100<>"",F100<>""),E100*F100,"") -> 136
A101: 98 | B101: 46210 | C101: 马路下小卖部 | D101: 小果之茶 | E101: 2 | F101: 50 | G101: =IF(AND(E101<>"",F101<>""),E101*F101,"") -> 100
A102: 99 | B102: 46204 | C102: 梅窖建军批发 | D102: 555补水 | E102: 10 | F102: 65 | G102: =IF(AND(E102<>"",F102<>""),E102*F102,"") -> 650
A103: 100 | B103: 46213 | C103: 梅窖建军批发 | D103: 555补水 | E103: 20 | F103: 65 | G103: =IF(AND(E103<>"",F103<>""),E103*F103,"") -> 1300
A104: 101 | B104: 46213 | C104: 梅窖建军批发 | D104: 1L补水 | E104: 20 | F104: 55 | G104: =IF(AND(E104<>"",F104<>""),E104*F104,"") -> 1100
A105: 102 | B105: 46222 | C105: 梅窖建军批发 | D105: 1L果之茶 | E105: 20 | F105: 43 | G105: =IF(AND(E105<>"",F105<>""),E105*F105,"") -> 860
A106: 103 | B106: 46216 | C106: 通达商行 | D106: 大东鹏 | E106: 100 | F106: 90 | G106: =IF(AND(E106<>"",F106<>""),E106*F106,"") -> 9000
A107: 104 | B107: 46197 | C107: 桐心源 | D107: 500农夫饮料 | E107: 5 | F107: 52 | G107: =IF(AND(E107<>"",F107<>""),E107*F107,"") -> 260
... A144: 141 | B144: 46221 | C144: 桐心源 | D144: 东鹏椰子水 | E144: 50 | F144: 90 | G144: =IF(AND(E144<>"",F144<>""),E144*F144,"") -> 4500
A145: 142 | B145: 46221 | C145: 桐心源 | D145: 东鹏椰子水 | E145: 4 | G145: =IF(AND(E145<>"",F145<>""),E145*F145,"")
A146: 143 | B146: 46231 | C146: 桐心源 | D146: 小果之茶 | E146: 200 | F146: 47 | G146: =IF(AND(E146<>"",F146<>""),E146*F146,"") -> 9400
A147: 144 | B147: 46231 | C147: 桐心源 | D147: 555补水 | E147: 100 | F147: 65 | G147: =IF(AND(E147<>"",F147<>""),E147*F147,"") -> 6500
A148: 145 | B148: 46201 | C148: 王玉琴 | D148: 1L果之茶 | E148: 17.5 | F148: 43 | G148: =IF(AND(E148<>"",F148<>""),E148*F148,"") -> 752.5 | H148: 送半件
A149: 146 | B149: 46206 | C149: 王玉琴 | D149: 大东鹏 | E149: 95 | F149: 90 | G149: =IF(AND(E149<>"",F149<>""),E149*F149,"") -> 8550
A150: 147 | B150: 46208 | C150: 王玉琴 | D150: 小果之茶 | E150: 17.5 | F150: 47 | G150: =IF(AND(E150<>"",F150<>""),E150*F150,"") -> 822.5
A151: 148 | B151: 46213 | C151: 王玉琴 | D151: 大东鹏 | E151: 50 | F151: 90 | G151: =IF(AND(E151<>"",F151<>""),E151*F151,"") -> 4500
A152: 149 | B152: 46221 | C152: 王玉琴 | D152: 小果之茶 | E152: 17.5 | F152: 47 | G152: =IF(AND(E152<>"",F152<>""),E152*F152,"") -> 822.5
A153: 150 | B153: 46222 | C153: 王玉琴 | D153: 555补水 | E153: 17.5 | F153: 65 | G153: =IF(AND(E153<>"",F153<>""),E153*F153,"") -> 1137.5
A154: 151 | B154: 46209 | C154: 小梅商行 | D154: 大东鹏 | E154: 300 | F154: 90 | G154: =IF(AND(E154<>"",F154<>""),E154*F154,"") -> 27000
A155: 152 | B155: 46230 | C155: 小梅商行 | D155: 大东鹏 | E155: 100 | F155: 90 | G155: =IF(AND(E155<>"",F155<>""),E155*F155,"") -> 9000
A156: 153 | B156: 46200 | C156: 星海超市 | D156: 小焙好茶 | E156: 20 | F156: 48 | G156: =IF(AND(E156<>"",F156<>""),E156*F156,"") -> 960
A157: 154 | B157: 46200 | C157: 星海超市 | D157: 大咖 | E157: 10 | F157: 83 | G157: =IF(AND(E157<>"",F157<>""),E157*F157,"") -> 830
A158: 155 | B158: 46225 | C158: 星海超市 | D158: 1L补水 | E158: 90 | F158: 55 | G158: =IF(AND(E158<>"",F158<>""),E158*F158,"") -> 4950
A159: 156 | B159: 46225 | C159: 星海超市 | D159: 555补水 | E159: 100 | F159: 65 | G159: =IF(AND(E159<>"",F159<>""),E159*F159,"") -> 6500
A160: 157 | B160: 46225 | C160: 星海超市 | D160: 1L果之茶 | E160: 50 | F160: 43 | G160: =IF(AND(E160<>"",F160<>""),E160*F160,"") -> 2150
... A169: 166 | B169: 46227 | C169: 宜兴粮油 | D169: 大东鹏 | E169: 115 | F169: 87.8 | G169: =IF(AND(E169<>"",F169<>""),E169*F169,"") -> 10097
A170: 167 | B170: 46227 | C170: 宜兴粮油 | D170: 555补水 | E170: 10 | G170: =IF(AND(E170<>"",F170<>""),E170*F170,"")
A171: 168 | B171: 46217 | C171: 宜兴粮油 | D171: 555补水 | E171: 60 | F171: 65 | G171: =IF(AND(E171<>"",F171<>""),E171*F171,"") -> 3900
A172: 169 | B172: 46217 | C172: 宜兴粮油 | D172: 555补水 | E172: 6 | G172: =IF(AND(E172<>"",F172<>""),E172*F172,"")
A173: 170 | B173: 46217 | C173: 宜兴粮油 | D173: 小果之茶 | E173: 35 | F173: 47 | G173: =IF(AND(E173<>"",F173<>""),E173*F173,"") -> 1645
...

Sheet 收付款明细
A1: 收付款明细台账
A2: 💡 客户每次付款在此登记，总览表自动更新未付货款
A3: 序号 | B3: 日期 | C3: 客户名称 | D3: 收款金额(元) | E3: 付款方式 | F3: 备注
A4: 1 | B4: 2026.6.25 | C4: 星海超市 | D4: 39547 | E4: 收款码
A5: 2 | B5: 2026.6.25 | C5: 王玉琴 | D5: 99000 | E5: 收款码
A6: 3 | B6: 2026.6.25 | C6: 桐心源 | D6: 700231.47 | E6: 收款码 | F6: 还差我46313元
A7: 4 | B7: 2026.6.25 | C7: 桐心源 | D7: 46360 | E7: 收款码 | F7: 农夫饮料
A8: 5 | B8: 2026.6.25 | C8: 阿东副食 | D8: 570147.22 | E8: 收款码 | F8: 还差我37433元
A9: 6 | B9: 2026.6.26 | C9: 金凤副食 | D9: 8950 | E9: 收款码
B10: 2026.6.26 | C10: 致发商行 | D10: 437965 | E10: 收款码
A11: 7 | B11: 2026.6.26 | C11: 通达商行 | D11: 18000 | E11: 收款码
A12: 8 | B12: 2026.6.26 | C12: 宜兴粮油 | D12: 54000 | E12: 收款码
A13: 9 | B13: 2026.6.27 | C13: 马路下小卖部 | D13: 840 | E13: 收款码 | F13: 东鹏新品订货款
A14: 10 | B14: 2026.6.27 | C14: 兴莲隆兴商行 | D14: 30043 | E14: 收款码
A15: 11 | B15: 2026.6.27 | C15: 诚信粮油 | D15: 27000 | E15: 收款码
A16: 12 | B16: 2026.6.27 | C16: 诚信粮油 | D16: 2565 | E16: 收款码 | F16: 东鹏新品订货款
A17: 13 | B17: 2026.6.27 | C17: 李记副食 | D17: 6930 | E17: 收款码 | F17: 东鹏新品订货款
A18: 14 | B18: 2026.6.27 | C18: 吕维春 | D18: 32440 | E18: 收款码
A19: 15 | B19: 2026.6.27 | C19: 兴发商行 | D19: 15300 | E19: 收款码
A20: 16 | B20: 2026.6.27 | C20: 城岗日日升超市 | D20: 36895 | E20: 收款码
A21: 17 | B21: 2026.6.27 | C21: 江背久明商行 | D21: 21620 | E21: 收款码
A22: 18 | B22: 2026.6.27 | C22: 龙岗好又全超市 | D22: 137732 | E22: 收款码
A23: 19 | B23: 2026.6.27 | C23: 社富丽华超市 | D23: 8100 | E23: 收款码
A24: 20 | B24: 2026.6.27 | C24: 九鑫粮油 | D24: 3150 | E24: 收款码
A25: 21 | B25: 2026.6.27 | C25: 鼎龙陈财超市 | D25: 77682.5 | E25: 收款码 | F25: 还欠2400元
A26: 22 | B26: 2026.6.27 | C26: 洪门美群商行 | D26: 4500 | E26: 收款码
A27: 23 | B27: 2026.6.27 | C27: 兴江家源超市 | D27: 1800 | E27: 收款码
A28: 24 | B28: 2026.6.27 | C28: 永丰橙丰购物 | D28: 1067 | E28: 收款码 | F28: 东鹏新品订货款
A29: 25 | B29: 2026.6.27 | C29: 枫边德华超市 | D29: 38440 | E29: 收款码
A30: 26 | B30: 2026.6.27 | C30: 梅窖建军批发 | D30: 11740 | E30: 收款码
A31: 27 | B31: 2026.6.27 | C31: 高兴美宜佳 | D31: 704 | E31: 收款码 | F31: 东鹏新品订货款
A32: 28 | B32: 2026.6.27 | C32: 永丰焦溪兰兰副食 | D32: 3244 | E32: 收款码 | F32: 东鹏新品订货款
A33: 29 | B33: 2026.6.27 | C33: 高兴枫树平价超市 | D33: 1126 | E33: 收款码 | F33: 东鹏新品订货款
A34: 30 | B34: 2026.6.27 | C34: 鼎龙众家乐超市 | D34: 2182 | E34: 收款码 | F34: 东鹏新品订货款
A35: 31 | B35: 2026.6.27 | C35: 洪门兴诚超市 | D35: 45000 | E35: 收款码
A36: 32 | B36: 2026.6.29 | C36: 兴江吴辉明 | D36: 21135 | E36: 收款码
A37: 33 | B37: 2026.6.29 | C37: 和睦公园百顺 | D37: 27000 | E37: 收款码
A38: 34 | B38: 2026.6.28 | C38: 王玉琴 | D38: 7697 | E38: 收款码
A39: 35 | B39: 2026.7.1 | C39: 阳光超市 | D39: 11350 | E39: 农业工账
A40: 36 | B40: 2026.7.2 | C40: 家家兴超市 | D40: 10000 | E40: 收款码
A41: 37 | B41: 2026.7.1 | C41: 红军路怡品折扣店 | D41: 5400 | E41: 收款码
A42: 38 | B42: 2026.7.6 | C42: 贸易广场老吴副食 | D42: 4500 | E42: 收款码
A43: 39 | B43: 2026.7.4 | C43: 均村桃姐水果店 | D43: 2325 | E43: 收款码
A44: 40 | B44: 2026.7.1 | C44: 家家兴超市 | D44: 2579 | E44: 收款码
A45: 41 | B45: 2026.7.12 | C45: 崇贤三角超市 | D45: 2955 | E45: 收款码
A46: 42 | B46: 2026.7.10 | C46: 财源批发 | D46: 4500 | E46: 收款码
... A54: 50 | B54: 2026.7.26 | C54: 星海超市 | D54: 40000 | E54: 收款码
A55: 51 | B55: 2026.7.28 | C55: 桐心源 | D55: 22000 | E55: 收款码 | F55: 77900-22000
A56: 52 | B56: 2026.7.28 | C56: 桐心源 | D56: 13000 | E56: 收款码 | F56: 55900-13000
A57: 53 | B57: 2026.7.24 | C57: 城西街福临门超市 | D57: 2046 | E57: 收款码 | F57: 订3017元
A58: 54 | B58: 2026.7.24 | C58: 滨江路莲花便利店 | D58: 1582 | E58: 收款码 | F58: 订3004元
A59: 55 | B59: 2026.7.24 | C59: 马路下小卖部 | D59: 18600 | E59: 收款码
A60: 56 | B60: 2026.7.23 | C60: 好帮手 | D60: 12000 | E60: 收款码
A61: 57 | B61: 2026.7.24 | C61: 城岗日日升超市 | D61: 27000 | E61: 收款码
A62: 58 | B62: 46225 | C62: 友兰商行 | D62: 602 | E62: 收款码
A63: 59 | B63: 46210 | C63: 友兰商行 | D63: 4650 | E63: 收款码
A64: 60 | B64: 46219 | C64: 阿东副食 | D64: 9000 | E64: 收款码
A65: 61 | B65: 46220 | C65: 桐心源 | D65: 9000 | E65: 收款码
A66: 62 | B66: 46219 | C66: 隆坪美林副食 | D66: 3000 | E66: 收款码
A67: 63 | B67: 46227 | C67: 隆坪美林副食 | D67: 2386 | E67: 收款码
A68: 64 | B68: 46224 | C68: 高兴四季春副食 | D68: 2697 | E68: 收款码
A69: 65 | B69: 46219 | C69: 金凤副食 | D69: 48000 | E69: 收款码
A70: 66 | B70: 46211 | C70: 崇贤高平副食 | D70: 2325 | E70: 收款码
A71: 67 | B71: 46211 | C71: 高兴张声英 | D71: 2325 | E71: 收款码
A72: 68 | B72: 46211 | C72: 崇贤粤客隆 | D72: 2325 | E72: 收款码
A73: 69 | B73: 46211 | C73: 火车站关新平 | D73: 5330 | E73: 收款码
... A98: 94 | B98: 46232 | C98: 洪门永信商行 | D98: 4500 | E98: 收款码
A99: 95 | B99: 206-7-31 | C99: 吕维春 | D99: 30000 | E99: 收款码
A100: 96 | B100: 46241 | C100: 阿东副食 | D100: 2100 | E100: 收款码
A101: 97 | B101: 46241 | C101: 均村喜乐多 | D101: 1640 | E101: 收款码
A102: 98 | B102: 46241 | C102: 埠头如愿超市 | D102: 2325 | E102: 收款码
A103: 99 | B103: 46245 | C103: 好帮手 | D103: 327.5 | E103: 收款码
A104: 100 | B104: 46246 | C104: 七中阳光鲜奶 | D104: 107.5 | E104: 收款码
A105: 101 | B105: 46243 | C105: 九鑫粮油 | D105: 10000 | E105: 收款码
A106: 102 | B106: 46243 | C106: 龙岗好又全超市 | D106: 15000 | E106: 收款码
A107: 103 | B107: 46243 | C107: 长岗万家欢 | D107: 3000 | E107: 收款码
A108: 104 | B108: 46243 | C108: 兴莲隆兴商行 | D108: 9000 | E108: 收款码
A109: 105 | B109: 46243 | C109: 鼎龙陈财超市 | D109: 3000 | E109: 收款码
A110: 106 | B110: 46243 | C110: 诚信粮油 | D110: 50000 | E110: 收款码
A111: 107 | B111: 46243 | C111: 小梅商行 | D111: 20000 | E111: 收款码 | F111: 好又多、思美达
A112: 108 | B112: 46247 | C112: 兴发商行 | D112: 1137.5 | E112: 收款码
A113: 109 | B113: 46252 | C113: 洪门兴诚超市 | D113: 2100 | E113: 收款码
A114: 110 | B114: 46252 | C114: 长岗岭万家乐超市 | D114: 2790 | E114: 收款码
A115: 111 | B115: 46254 | C115: 龙岗荣鑫商行 | D115: 4500 | E115: 收款码
A116: 112 | B116: 46270 | C116: 城岗老石商行 | D116: 2700 | E116: 收款码
A117: 113 | B117: 46254 | C117: 贸易广场老吴副食 | D117: 30000 | E117: 收款码
A118: 114 | B118: 46248 | C118: 埠头万客欢 | D118: 2750 | E118: 收款码
A119: 115 | B119: 46252 | C119: 小梅商行 | D119: 30000 | E119: 收款码
A120: 116 | B120: 46256 | C120: 小梅商行 | D120: 30000 | E120: 收款码
A121: 117
A122: 118
A123: 119
A124: 120
A125: 121
A126: 122
A127: 123
A128: 124
A129: 125
A130: 126
A131: 127
...

Sheet 存条明细
A1: 商品入库明细台账
A2: 💡 每次进货/入库在此登记，库存表自动汇总更新，支持同一客户+商品多笔入库自动累加
A3: 序号 | B3: 入库日期 | C3: 客户名称 | D3: 商品品类 | E3: 入库数量(件) | F3: 入库单价(元/件) | G3: 本次入库总金额(元) | H3: 备注
A4: 1 | B4: 46198 | C4: 星海超市 | D4: 小东鹏 | E4: 282 | F4: 50 | G4: =IF(AND(E4<>"",F4<>""),E4*F4,"") -> 14100
A5: 2 | B5: 46198 | C5: 星海超市 | D5: 555补水 | E5: 83 | F5: 65 | G5: =IF(AND(E5<>"",F5<>""),E5*F5,"") -> 5395
A6: 3 | B6: 46198 | C6: 星海超市 | D6: 1L补水 | E6: 142 | F6: 55 | G6: =IF(AND(E6<>"",F6<>""),E6*F6,"") -> 7810
A7: 4 | B7: 46198 | C7: 星海超市 | D7: 1L果之茶 | E7: 118 | F7: 43 | G7: =IF(AND(E7<>"",F7<>""),E7*F7,"") -> 5074
A8: 5 | B8: 46198 | C8: 星海超市 | D8: 港式奶茶 | E8: 96 | F8: 69 | G8: =IF(AND(E8<>"",F8<>""),E8*F8,"") -> 6624
A9: 6 | B9: 46198 | C9: 王玉琴 | D9: 大东鹏 | E9: 1100 | F9: 90 | G9: =IF(AND(E9<>"",F9<>""),E9*F9,"") -> 99000
A10: 7 | B10: 46198 | C10: 桐心源 | D10: 大东鹏 | E10: 6531 | F10: 90 | G10: =IF(AND(E10<>"",F10<>""),E10*F10,"") -> 587790
A11: 8 | B11: 46198 | C11: 桐心源 | D11: 1L补水 | E11: 625 | F11: 55 | G11: =IF(AND(E11<>"",F11<>""),E11*F11,"") -> 34375
A12: 9 | B12: 46198 | C12: 桐心源 | D12: 555补水 | E12: 604 | F12: 65 | G12: =IF(AND(E12<>"",F12<>""),E12*F12,"") -> 39260
A13: 10 | B13: 46198 | C13: 桐心源 | D13: 小果之茶 | E13: 906 | F13: 47 | G13: =IF(AND(E13<>"",F13<>""),E13*F13,"") -> 42582
A14: 11 | B14: 46198 | C14: 桐心源 | D14: 大咖 | E14: 236 | F14: 83 | G14: =IF(AND(E14<>"",F14<>""),E14*F14,"") -> 19588
A15: 12 | B15: 46198 | C15: 桐心源 | D15: 港式奶茶 | E15: 152 | F15: 69 | G15: =IF(AND(E15<>"",F15<>""),E15*F15,"") -> 10488
... A43: 40 | B43: 46199 | C43: 致发商行 | D43: 大东鹏 | E43: 2300 | F43: 90 | G43: =IF(AND(E43<>"",F43<>""),E43*F43,"") -> 207000
A44: 41 | B44: 46199 | C44: 致发商行 | D44: 小果之茶 | E44: 1040 | F44: 47 | G44: 47000
A45: 42 | B45: 46199 | C45: 致发商行 | D45: 大咖 | E45: 208 | F45: 86 | G45: 16600
A46: 43 | B46: 46199 | C46: 致发商行 | D46: 1L果之茶 | E46: 208 | F46: 43 | G46: 8600
A47: 44 | B47: 46199 | C47: 通达商行 | D47: 大东鹏 | E47: 200 | F47: 90 | G47: =IF(AND(E47<>"",F47<>""),E47*F47,"") -> 18000
A48: 45 | B48: 46199 | C48: 宜兴粮油 | D48: 大东鹏 | E48: 615 | F48: 87.8 | G48: 54000
A49: 46 | B49: 46199 | C49: 宜兴粮油 | D49: 555补水 | E49: 5 | F49: 0 | G49: =IF(AND(E49<>"",F49<>""),E49*F49,"") -> 0
A50: 47 | B50: 46200 | C50: 兴隆隆兴商行 | D50: 大东鹏 | E50: 162 | F50: 90 | G50: =IF(AND(E50<>"",F50<>""),E50*F50,"") -> 14580
A51: 48 | B51: 46200 | C51: 兴隆隆兴商行 | D51: 1L补水 | E51: 23 | F51: 55 | G51: =IF(AND(E51<>"",F51<>""),E51*F51,"") -> 1265
A52: 49 | B52: 46200 | C52: 兴隆隆兴商行 | D52: 555补水 | E52: 23 | F52: 65 | G52: =IF(AND(E52<>"",F52<>""),E52*F52,"") -> 1495
A53: 50 | B53: 46200 | C53: 兴隆隆兴商行 | D53: 大咖 | E53: 68 | F53: 83 | G53: =IF(AND(E53<>"",F53<>""),E53*F53,"") -> 5644
A54: 51 | B54: 46200 | C54: 兴隆隆兴商行 | D54: 港式奶茶 | E54: 11 | F54: 69 | G54: =IF(AND(E54<>"",F54<>""),E54*F54,"") -> 759
A55: 52 | B55: 46200 | C55: 诚信粮油 | D55: 大东鹏 | E55: 300 | F55: 90 | G55: =IF(AND(E55<>"",F55<>""),E55*F55,"") -> 27000
A56: 53 | B56: 46200 | C56: 吕维春 | D56: 大东鹏 | E56: 250 | F56: 90 | G56: =IF(AND(E56<>"",F56<>""),E56*F56,"") -> 22500
A57: 54 | B57: 46200 | C57: 吕维春 | D57: 1L补水 | E57: 150 | F57: 55 | G57: =IF(AND(E57<>"",F57<>""),E57*F57,"") -> 8250
A58: 55 | B58: 46200 | C58: 吕维春 | D58: 1L果之茶 | E58: 20 | F58: 43 | G58: =IF(AND(E58<>"",F58<>""),E58*F58,"") -> 860
A59: 56 | B59: 46200 | C59: 吕维春 | D59: 大咖 | E59: 10 | F59: 83 | G59: =IF(AND(E59<>"",F59<>""),E59*F59,"") -> 830
A60: 57 | B60: 46200 | C60: 兴发商行 | D60: 大东鹏 | E60: 170 | F60: 90 | G60: =IF(AND(E60<>"",F60<>""),E60*F60,"") -> 15300
... A89: 86 | B89: 46200 | C89: 洪门美群商行 | D89: 大东鹏 | E89: 50 | F89: 90 | G89: =IF(AND(E89<>"",F89<>""),E89*F89,"") -> 4500
A90: 87 | B90: 46200 | C90: 兴江家源超市 | D90: 大东鹏 | E90: 20 | F90: 90 | G90: =IF(AND(E90<>"",F90<>""),E90*F90,"") -> 1800 | H90: 2024年7月5日存条
A91: 88 | B91: 46200 | C91: 枫边德华超市 | D91: 大东鹏 | E91: 100 | F91: 90 | G91: =IF(AND(E91<>"",F91<>""),E91*F91,"") -> 9000
A92: 89 | B92: 46200 | C92: 枫边德华超市 | D92: 555补水 | E92: 80 | F92: 65 | G92: =IF(AND(E92<>"",F92<>""),E92*F92,"") -> 5200
A93: 90 | B93: 46200 | C93: 枫边德华超市 | D93: 1L补水 | E93: 80 | F93: 55 | G93: =IF(AND(E93<>"",F93<>""),E93*F93,"") -> 4400
A94: 91 | B94: 46200 | C94: 枫边德华超市 | D94: 港式奶茶 | E94: 80 | F94: 69 | G94: =IF(AND(E94<>"",F94<>""),E94*F94,"") -> 5520
A95: 92 | B95: 46200 | C95: 枫边德华超市 | D95: 1L果之茶 | E95: 80 | F95: 46 | G95: =IF(AND(E95<>"",F95<>""),E95*F95,"") -> 3680
A96: 93 | B96: 46200 | C96: 枫边德华超市 | D96: 九制陈皮 | E96: 40 | F96: 47 | G96: =IF(AND(E96<>"",F96<>""),E96*F96,"") -> 1880
A97: 94 | B97: 46200 | C97: 枫边德华超市 | D97: 小果之茶 | E97: 40 | F97: 47 | G97: =IF(AND(E97<>"",F97<>""),E97*F97,"") -> 1880
A98: 95 | B98: 46200 | C98: 枫边德华超市 | D98: 大咖 | E98: 80 | F98: 86 | G98: =IF(AND(E98<>"",F98<>""),E98*F98,"") -> 6880
A99: 96 | B99: 46200 | C99: 梅窖建军批发 | D99: 1L补水 | E99: 80 | F99: 55 | G99: =IF(AND(E99<>"",F99<>""),E99*F99,"") -> 4400
A100: 97 | B100: 46200 | C100: 梅窖建军批发 | D100: 555补水 | E100: 60 | F100: 65 | G100: =IF(AND(E100<>"",F100<>""),E100*F100,"") -> 3900
A101: 98 | B101: 46200 | C101: 梅窖建军批发 | D101: 1L果之茶 | E101: 80 | F101: 43 | G101: =IF(AND(E101<>"",F101<>""),E101*F101,"") -> 3440
A102: 99 | B102: 46200 | C102: 洪门兴诚超市 | D102: 大东鹏 | E102: 500 | F102: 90 | G102: =IF(AND(E102<>"",F102<>""),E102*F102,"") -> 45000
... A120: 118 | B120: 46221 | C120: 标哥副食 | D120: 小果之茶 | E120: 1 | F120: 50 | G120: =IF(AND(E120<>"",F120<>""),E120*F120,"") -> 50
A121: 119 | B121: 46156 | C121: 鼎龙陈财超市 | D121: 大东鹏 | E121: 1200 | F121: 80 | G121: 108000
A122: 120 | B122: 46228 | C122: 春萌副食 | D122: 大东鹏 | E122: 25 | F122: 93 | G122: =IF(AND(E122<>"",F122<>""),E122*F122,"") -> 2325
A123: 121 | B123: 46226 | C123: 城西街福临门超市 | D123: 大东鹏 | E123: 22 | F123: 93 | G123: =IF(AND(E123<>"",F123<>""),E123*F123,"") -> 2046
A124: 122 | B124: 46227 | C124: 滨江路莲花便利店 | D124: 小果之茶 | E124: 23 | F124: 50 | G124: =IF(AND(E124<>"",F124<>""),E124*F124,"") -> 1150
A125: 123 | B125: 46227 | C125: 滨江路莲花便利店 | D125: 大咖 | E125: 3 | F125: 86 | G125: =IF(AND(E125<>"",F125<>""),E125*F125,"") -> 258
A126: 124 | B126: 46227 | C126: 滨江路莲花便利店 | D126: 1L补水 | E126: 3 | F126: 58 | G126: =IF(AND(E126<>"",F126<>""),E126*F126,"") -> 174
A127: 22 | B127: 46226 | C127: 马路下小卖部 | D127: 大东鹏 | E127: 200 | F127: 93 | G127: =IF(AND(E127<>"",F127<>""),E127*F127,"") -> 18600
A128: 23 | B128: 46227 | C128: 小梅商行 | D128: 大东鹏 | E128: 4000 | F128: 90 | G128: =IF(AND(E128<>"",F128<>""),E128*F128,"") -> 360000
A129: 24 | B129: 46228 | C129: 星海超市 | D129: 小果之茶 | E129: 400 | F129: 47 | G129: =IF(AND(E129<>"",F129<>""),E129*F129,"") -> 18800
A130: 25 | B130: 46228 | C130: 星海超市 | D130: 小果之茶 | E130: 16 | G130: =IF(AND(E130<>"",F130<>""),E130*F130,"")
A131: 26 | B131: 46228 | C131: 星海超市 | D131: 大咖 | E131: 100 | F131: 83 | G131: =IF(AND(E131<>"",F131<>""),E131*F131,"") -> 8300
A132: 27 | B132: 46228 | C132: 星海超市 | D132: 大咖 | E132: 4 | G132: =IF(AND(E132<>"",F132<>""),E132*F132,"")
A133: 28 | B133: 46228 | C133: 星海超市 | D133: 555补水 | E133: 200 | F133: 65 | G133: =IF(AND(E133<>"",F133<>""),E133*F133,"") -> 13000
A134: 29 | B134: 46228 | C134: 星海超市 | D134: 555补水 | E134: 20 | G134: =IF(AND(E134<>"",F134<>""),E134*F134,"")
A135: 30 | B135: 46228 | C135: 星海超市 | D135: 大东鹏 | E135: 800 | F135: 90 | G135: =IF(AND(E135<>"",F135<>""),E135*F135,"") -> 72000
A136: 31 | B136: 46228 | C136: 星海超市 | D136: 大东鹏 | E136: 8 | G136: =IF(AND(E136<>"",F136<>""),E136*F136,"")
A137: 32 | B137: 46224 | C137: 城岗日日升超市 | D137: 大东鹏 | E137: 300 | F137: 90 | G137: =IF(AND(E137<>"",F137<>""),E137*F137,"") -> 27000
A138: 33 | B138: 46218 | C138: 福旺家优购 | D138: 大东鹏 | E138: 250 | F138: 90 | G138: =IF(AND(E138<>"",F138<>""),E138*F138,"") -> 22500
A139: 34 | B139: 46218 | C139: 福旺家优购 | D139: 大东鹏 | E139: 5 | G139: =IF(AND(E139<>"",F139<>""),E139*F139,"")
A140: 35 | B140: 46218 | C140: 福旺家优购 | D140: 555补水 | E140: 20 | F140: 68 | G140: =IF(AND(E140<>"",F140<>""),E140*F140,"") -> 1360
A141: 36 | B141: 46218 | C141: 福旺家优购 | D141: 555补水 | E141: 2
A142: 37 | B142: 46218 | C142: 福旺家优购 | D142: 小果之茶 | E142: 15 | F142: 50 | G142: =IF(AND(E142<>"",F142<>""),E142*F142,"") -> 750
A143: 38 | B143: 46218 | C143: 福旺家优购 | D143: 1L果之茶 | E143: 10 | F143: 46 | G143: =IF(AND(E143<>"",F143<>""),E143*F143,"") -> 460
A144: 39 | B144: 46218 | C144: 福旺家优购 | D144: 小果之茶 | E144: 2
A145: 40 | B145: 46218 | C145: 福旺家优购 | D145: 1L补水 | E145: 15 | F145: 58 | G145: =IF(AND(E145<>"",F145<>""),E145*F145,"") -> 870
A146: 41 | B146: 46218 | C146: 福旺家优购 | D146: 港式奶茶 | E146: 2 | F146: 72 | G146: =IF(AND(E146<>"",F146<>""),E146*F146,"") -> 144
A147: 42 | B147: 46218 | C147: 福旺家优购 | D147: 九制陈皮 | E147: 2 | F147: 50 | G147: =IF(AND(E147<>"",F147<>""),E147*F147,"") -> 100
A148: 43 | B148: 46218 | C148: 福旺家优购 | D148: 1L焙好茶 | E148: 4 | F148: 46 | G148: =IF(AND(E148<>"",F148<>""),E148*F148,"") -> 184
A149: 44 | B149: 46218 | C149: 福旺家优购 | D149: 小焙好茶 | E149: 2 | F149: 51 | G149: =IF(AND(E149<>"",F149<>""),E149*F149,"") -> 102
A150: 45 | B150: 46225 | C150: 友兰商行 | D150: 大咖 | E150: 7 | F150: 86 | G150: =IF(AND(E150<>"",F150<>""),E150*F150,"") -> 602
A151: 46 | B151: 46211 | C151: 友兰商行 | D151: 大东鹏 | E151: 50 | F151: 93 | G151: =IF(AND(E151<>"",F151<>""),E151*F151,"") -> 4650
A152: 47 | B152: 46220 | C152: 阿东副食 | D152: 东鹏椰子水 | E152: 100 | F152: 90 | G152: =IF(AND(E152<>"",F152<>""),E152*F152,"") -> 9000
A153: 48 | B153: 46220 | C153: 阿东副食 | D153: 东鹏椰子水 | E153: 4
A154: 49 | B154: 46220 | C154: 桐心源 | D154: 东鹏椰子水 | E154: 100 | F154: 90 | G154: =IF(AND(E154<>"",F154<>""),E154*F154,"") -> 9000
A155: 50 | B155: 46220 | C155: 桐心源 | D155: 东鹏椰子水 | E155: 4 | G155: =IF(AND(E155<>"",F155<>""),E155*F155,"")
A156: 51 | B156: 46223 | C156: 高兴四季春副食 | D156: 大东鹏 | E156: 25 | F156: 93 | G156: =IF(AND(E156<>"",F156<>""),E156*F156,"") -> 2325
A157: 52 | B157: 46223 | C157: 高兴四季春副食 | D157: 大东鹏 | E157: 1 | G157: =IF(AND(E157<>"",F157<>""),E157*F157,"")
A158: 53 | B158: 46223 | C158: 高兴四季春副食 | D158: 大咖 | E158: 2 | F158: 86 | G158: =IF(AND(E158<>"",F158<>""),E158*F158,"") -> 172
A159: 54 | B159: 46223 | C159: 高兴四季春副食 | D159: 小果之茶 | E159: 4 | F159: 50 | G159: =IF(AND(E159<>"",F159<>""),E159*F159,"") -> 200
A160: 55 | B160: 46211 | C160: 崇贤高平副食 | D160: 大东鹏 | E160: 25 | F160: 93 | G160: =IF(AND(E160<>"",F160<>""),E160*F160,"") -> 2325
A161: 56 | B161: 46211 | C161: 高兴张声英 | D161: 大东鹏 | E161: 25 | F161: 93 | G161: =IF(AND(E161<>"",F161<>""),E161*F161,"") -> 2325
A162: 57 | B162: 46211 | C162: 崇贤粤客隆 | D162: 大东鹏 | E162: 25 | F162: 93 | G162: =IF(AND(E162<>"",F162<>""),E162*F162,"") -> 2325
A163: 58 | B163: 46211 | C163: 火车站关新平 | D163: 大东鹏 | E163: 50 | F163: 93 | G163: =IF(AND(E163<>"",F163<>""),E163*F163,"") -> 4650
A164: 59 | B164: 46211 | C164: 火车站关新平 | D164: 555补水 | E164: 10 | F164: 68 | G164: =IF(AND(E164<>"",F164<>""),E164*F164,"") -> 680
A165: 60 | B165: 46220 | C165: 洪门五香副食 | D165: 大东鹏 | E165: 10 | F165: 93 | G165: =IF(AND(E165<>"",F165<>""),E165*F165,"") -> 930
A166: 61 | B166: 46220 | C166: 高兴美宜佳 | D166: 大东鹏 | E166: 100 | F166: 90 | G166: =IF(AND(E166<>"",F166<>""),E166*F166,"") -> 9000
A167: 62 | B167: 46218 | C167: 良村万家欢超市 | D167: 大东鹏 | E167: 15 | F167: 93 | G167: =IF(AND(E167<>"",F167<>""),E167*F167,"") -> 1395
A168: 63 | B168: 46220 | C168: 滨江路小红花便利店 | D168: 555补水 | E168: 10 | F168: 68 | G168: =IF(AND(E168<>"",F168<>""),E168*F168,"") -> 680
A169: 64 | B169: 46220 | C169: 滨江路小红花便利店 | D169: 555补水 | E169: 1 | G169: =IF(AND(E169<>"",F169<>""),E169*F169,"")
A170: 65 | B170: 46220 | C170: 滨江路小红花便利店 | D170: 小果之茶 | E170: 25 | F170: 50 | G170: =IF(AND(E170<>"",F170<>""),E170*F170,"") -> 1250
A171: 66 | B171: 46220 | C171: 滨江路小红花便利店 | D171: 小果之茶 | E171: 2 | G171: =IF(AND(E171<>"",F171<>""),E171*F171,"")
A172: 67 | B172: 46220 | C172: 滨江路小红花便利店 | D172: 1L补水 | E172: 10 | F172: 58 | G172: =IF(AND(E172<>"",F172<>""),E172*F172,"") -> 580
...

Sheet 商品库存
A1: 商品库存明细（按客户+商品）
A2: 💡 查看每个客户每个商品的库存情况：新增客户+商品在此填写初始数量，领用后自动扣减
A3: 序号 | B3: 客户名称 | C3: 商品品类 | D3: 累计入库数量(件) | E3: 入库单价(元) | F3: 累计入库总金额(元) | G3: 已领用数量(件) | H3: 已领用金额(元) | I3: 剩余数量(件) | J3: 剩余金额(元) | K3: 最后更新日期
A4: 1 | B4: 星海超市 | C4: 小东鹏 | D4: =IFERROR(SUMIFS(存条明细!E:E,存条明细!C:C,B4,存条明细!D:D,C4),0) -> 282 | E4: 50 | F4: =IFERROR(SUMIFS(存条明细!G:G,存条明细!C:C,B4,存条明细!D:D,C4),0) -> 14100 | G4: =IFERROR(SUMIFS(出库明细!E:E,出库明细!C:C,B4,出库明细!D:D,C4),0) -> 182 | H4: =IFERROR(SUMIFS(出库明细!G:G,出库明细!C:C,B4,出库明细!D:D,C4),0) -> 9282 | I4: =IFERROR(D4-G4,0) -> 100 | J4: =IFERROR(F4-H4,0) -> 4818 | K4: =TODAY() -> 46289
A5: 2 | B5: 星海超市 | C5: 555补水 | D5: =IFERROR(SUMIFS(存条明细!E:E,存条明细!C:C,B5,存条明细!D:D,C5),0) -> 303 | E5: 65 | F5: =IFERROR(SUMIFS(存条明细!G:G,存条明细!C:C,B5,存条明细!D:D,C5),0) -> 18395 | G5: =IFERROR(SUMIFS(出库明细!E:E,出库明细!C:C,B5,出库明细!D:D,C5),0) -> 100 | H5: =IFERROR(SUMIFS(出库明细!G:G,出库明细!C:C,B5,出库明细!D:D,C5),0) -> 6500 | I5: =IFERROR(D5-G5,0) -> 203 | J5: =IFERROR(F5-H5,0) -> 11895 | K5: =TODAY() -> 46289
A6: 3 | B6: 星海超市 | C6: 1L补水 | D6: =IFERROR(SUMIFS(存条明细!E:E,存条明细!C:C,B6,存条明细!D:D,C6),0) -> 142 | E6: 55 | F6: =IFERROR(SUMIFS(存条明细!G:G,存条明细!C:C,B6,存条明细!D:D,C6),0) -> 7810 | G6: =IFERROR(SUMIFS(出库明细!E:E,出库明细!C:C,B6,出库明细!D:D,C6),0) -> 90 | H6: =IFERROR(SUMIFS(出库明细!G:G,出库明细!C:C,B6,出库明细!D:D,C6),0) -> 4950 | I6: =IFERROR(D6-G6,0) -> 52 | J6: =IFERROR(F6-H6,0) -> 2860 | K6: =TODAY() -> 46289
A7: 4 | B7: 星海超市 | C7: 1L果之茶 | D7: =IFERROR(SUMIFS(存条明细!E:E,存条明细!C:C,B7,存条明细!D:D,C7),0) -> 118 | E7: 43 | F7: =IFERROR(SUMIFS(存条明细!G:G,存条明细!C:C,B7,存条明细!D:D,C7),0) -> 5074 | G7: =IFERROR(SUMIFS(出库明细!E:E,出库明细!C:C,B7,出库明细!D:D,C7),0) -> 80 | H7: =IFERROR(SUMIFS(出库明细!G:G,出库明细!C:C,B7,出库明细!D:D,C7),0) -> 3440 | I7: =IFERROR(D7-G7,0) -> 38 | J7: =IFERROR(F7-H7,0) -> 1634 | K7: =TODAY() -> 46289
A8: 5 | B8: 星海超市 | C8: 港式奶茶 | D8: =IFERROR(SUMIFS(存条明细!E:E,存条明细!C:C,B8,存条明细!D:D,C8),0) -> 96 | E8: 69 | F8: =IFERROR(SUMIFS(存条明细!G:G,存条明细!C:C,B8,存条明细!D:D,C8),0) -> 6624 | G8: =IFERROR(SUMIFS(出库明细!E:E,出库明细!C:C,B8,出库明细!D:D,C8),0) -> 0 | H8: =IFERROR(SUMIFS(出库明细!G:G,出库明细!C:C,B8,出库明细!D:D,C8),0) -> 0 | I8: =IFERROR(D8-G8,0) -> 96 | J8: =IFERROR(F8-H8,0) -> 6624 | K8: =TODAY() -> 46289
A9: 6 | B9: 星海超市 | C9: 小焙好茶 | D9: 0 | E9: 48 | F9: =IFERROR(SUMIFS(存条明细!G:G,存条明细!C:C,B9,存条明细!D:D,C9),0) -> 0 | G9: =IFERROR(SUMIFS(出库明细!E:E,出库明细!C:C,B9,出库明细!D:D,C9),0) -> 20 | H9: =IFERROR(SUMIFS(出库明细!G:G,出库明细!C:C,B9,出库明细!D:D,C9),0) -> 960 | I9: =IFERROR(D9-G9,0) -> -20 | J9: =IFERROR(F9-H9,0) -> -960 | K9: =TODAY() -> 46289
A10: 7 | B10: 星海超市 | C10: 大咖 | D10: 0 | E10: 83 | F10: =IFERROR(SUMIFS(存条明细!G:G,存条明细!C:C,B10,存条明细!D:D,C10),0) -> 8300 | G10: =IFERROR(SUMIFS(出库明细!E:E,出库明细!C:C,B10,出库明细!D:D,C10),0) -> 30 | H10: =IFERROR(SUMIFS(出库明细!G:G,出库明细!C:C,B10,出库明细!D:D,C10),0) -> 2490 | I10: =IFERROR(D10-G10,0) -> -30 | J10: =IFERROR(F10-H10,0) -> 5810 | K10: =TODAY() -> 46289
A11: 8 | B11: 王玉琴 | C11: 大东鹏 | D11: =IFERROR(SUMIFS(存条明细!E:E,存条明细!C:C,B11,存条明细!D:D,C11),0) -> 1100 | E11: 90 | F11: =IFERROR(SUMIFS(存条明细!G:G,存条明细!C:C,B11,存条明细!D:D,C11),0) -> 99000 | G11: =IFERROR(SUMIFS(出库明细!E:E,出库明细!C:C,B11,出库明细!D:D,C11),0) -> 550 | H11: =IFERROR(SUMIFS(出库明细!G:G,出库明细!C:C,B11,出库明细!D:D,C11),0) -> 49500 | I11: =IFERROR(D11-G11,0) -> 550 | J11: =IFERROR(F11-H11,0) -> 49500 | K11: =TODAY() -> 46289
A12: 9 | B12: 桐心源 | C12: 大东鹏 | D12: =IFERROR(SUMIFS(存条明细!E:E,存条明细!C:C,B12,存条明细!D:D,C12),0) -> 6531 | E12: 90 | F12: =IFERROR(SUMIFS(存条明细!G:G,存条明细!C:C,B12,存条明细!D:D,C12),0) -> 587790 | G12: =IFERROR(SUMIFS(出库明细!E:E,出库明细!C:C,B12,出库明细!D:D,C12),0) -> 2000 | H12: =IFERROR(SUMIFS(出库明细!G:G,出库明细!C:C,B12,出库明细!D:D,C12),0) -> 180000 | I12: =IFERROR(D12-G12,0) -> 4531 | J12: =IFERROR(F12-H12,0) -> 407790 | K12: =TODAY() -> 46289
A13: 10 | B13: 桐心源 | C13: 1L补水 | D13: =IFERROR(SUMIFS(存条明细!E:E,存条明细!C:C,B13,存条明细!D:D,C13),0) -> 625 | E13: 55 | F13: =IFERROR(SUMIFS(存条明细!G:G,存条明细!C:C,B13,存条明细!D:D,C13),0) -> 34375 | G13: =IFERROR(SUMIFS(出库明细!E:E,出库明细!C:C,B13,出库明细!D:D,C13),0) -> 490 | H13: =IFERROR(SUMIFS(出库明细!G:G,出库明细!C:C,B13,出库明细!D:D,C13),0) -> 26950 | I13: =IFERROR(D13-G13,0) -> 135 | J13: =IFERROR(F13-H13,0) -> 7425 | K13: =TODAY() -> 46289
A14: 11 | B14: 桐心源 | C14: 555补水 | D14: =IFERROR(SUMIFS(存条明细!E:E,存条明细!C:C,B14,存条明细!D:D,C14),0) -> 1154 | E14: 65 | F14: =IFERROR(SUMIFS(存条明细!G:G,存条明细!C:C,B14,存条明细!D:D,C14),0) -> 71760 | G14: =IFERROR(SUMIFS(出库明细!E:E,出库明细!C:C,B14,出库明细!D:D,C14),0) -> 710 | H14: =IFERROR(SUMIFS(出库明细!G:G,出库明细!C:C,B14,出库明细!D:D,C14),0) -> 46150 | I14: =IFERROR(D14-G14,0) -> 444 | J14: =IFERROR(F14-H14,0) -> 25610 | K14: =TODAY() -> 46289
A15: 12 | B15: 桐心源 | C15: 小果之茶 | D15: =IFERROR(SUMIFS(存条明细!E:E,存条明细!C:C,B15,存条明细!D:D,C15),0) -> 1530 | E15: 47 | F15: =IFERROR(SUMIFS(存条明细!G:G,存条明细!C:C,B15,存条明细!D:D,C15),0) -> 70782 | G15: =IFERROR(SUMIFS(出库明细!E:E,出库明细!C:C,B15,出库明细!D:D,C15),0) -> 1632 | H15: =IFERROR(SUMIFS(出库明细!G:G,出库明细!C:C,B15,出库明细!D:D,C15),0) -> 76704 | I15: =IFERROR(D15-G15,0) -> -102 | J15: =IFERROR(F15-H15,0) -> -5922 | K15: =TODAY() -> 46289
A16: 13 | B16: 桐心源 | C16: 大咖 | D16: =IFERROR(SUMIFS(存条明细!E:E,存条明细!C:C,B16,存条明细!D:D,C16),0) -> 236 | E16: 83 | F16: =IFERROR(SUMIFS(存条明细!G:G,存条明细!C:C,B16,存条明细!D:D,C16),0) -> 19588 | G16: =IFERROR(SUMIFS(出库明细!E:E,出库明细!C:C,B16,出库明细!D:D,C16),0) -> 50 | H16: =IFERROR(SUMIFS(出库明细!G:G,出库明细!C:C,B16,出库明细!D:D,C16),0) -> 4150 | I16: =IFERROR(D16-G16,0) -> 186 | J16: =IFERROR(F16-H16,0) -> 15438 | K16: =TODAY() -> 46289
A17: 14 | B17: 桐心源 | C17: 港式奶茶 | D17: =IFERROR(SUMIFS(存条明细!E:E,存条明细!C:C,B17,存条明细!D:D,C17),0) -> 152 | E17: 69 | F17: =IFERROR(SUMIFS(存条明细!G:G,存条明细!C:C,B17,存条明细!D:D,C17),0) -> 10488 | G17: =IFERROR(SUMIFS(出库明细!E:E,出库明细!C:C,B17,出库明细!D:D,C17),0) -> 20 | H17: =IFERROR(SUMIFS(出库明细!G:G,出库明细!C:C,B17,出库明细!D:D,C17),0) -> 1380 | I17: =IFERROR(D17-G17,0) -> 132 | J17: =IFERROR(F17-H17,0) -> 9108 | K17: =TODAY() -> 46289
A18: 15 | B18: 桐心源 | C18: 1L果之茶 | D18: =IFERROR(SUMIFS(存条明细!E:E,存条明细!C:C,B18,存条明细!D:D,C18),0) -> 494 | E18: 43 | F18: =IFERROR(SUMIFS(存条明细!G:G,存条明细!C:C,B18,存条明细!D:D,C18),0) -> 20554 | G18: =IFERROR(SUMIFS(出库明细!E:E,出库明细!C:C,B18,出库明细!D:D,C18),0) -> 195 | H18: =IFERROR(SUMIFS(出库明细!G:G,出库明细!C:C,B18,出库明细!D:D,C18),0) -> 8385 | I18: =IFERROR(D18-G18,0) -> 299 | J18: =IFERROR(F18-H18,0) -> 12169 | K18: =TODAY() -> 46289
A19: 16 | B19: 桐心源 | C19: 330大咖 | D19: =IFERROR(SUMIFS(存条明细!E:E,存条明细!C:C,B19,存条明细!D:D,C19),0) -> 134 | E19: 90 | F19: =IFERROR(SUMIFS(存条明细!G:G,存条明细!C:C,B19,存条明细!D:D,C19),0) -> 12060 | G19: =IFERROR(SUMIFS(出库明细!E:E,出库明细!C:C,B19,出库明细!D:D,C19),0) -> 30 | H19: =IFERROR(SUMIFS(出库明细!G:G,出库明细!C:C,B19,出库明细!D:D,C19),0) -> 2700 | I19: =IFERROR(D19-G19,0) -> 104 | J19: =IFERROR(F19-H19,0) -> 9360 | K19: =TODAY() -> 46289
A20: 17 | B20: 桐心源 | C20: 小海岛椰 | D20: =IFERROR(SUMIFS(存条明细!E:E,存条明细!C:C,B20,存条明细!D:D,C20),0) -> 30 | E20: 32 | F20: =IFERROR(SUMIFS(存条明细!G:G,存条明细!C:C,B20,存条明细!D:D,C20),0) -> 960 | G20: =IFERROR(SUMIFS(出库明细!E:E,出库明细!C:C,B20,出库明细!D:D,C20),0) -> 10 | H20: =IFERROR(SUMIFS(出库明细!G:G,出库明细!C:C,B20,出库明细!D:D,C20),0) -> 320 | I20: =IFERROR(D20-G20,0) -> 20 | J20: =IFERROR(F20-H20,0) -> 640 | K20: =TODAY() -> 46289
A21: 18 | B21: 桐心源 | C21: 1.25海岛椰 | D21: =IFERROR(SUMIFS(存条明细!E:E,存条明细!C:C,B21,存条明细!D:D,C21),0) -> 45 | E21: 51 | F21: =IFERROR(SUMIFS(存条明细!G:G,存条明细!C:C,B21,存条明细!D:D,C21),0) -> 2295 | G21: =IFERROR(SUMIFS(出库明细!E:E,出库明细!C:C,B21,出库明细!D:D,C21),0) -> 0 | H21: =IFERROR(SUMIFS(出库明细!G:G,出库明细!C:C,B21,出库明细!D:D,C21),0) -> 0 | I21: =IFERROR(D21-G21,0) -> 45 | J21: =IFERROR(F21-H21,0) -> 2295 | K21: =TODAY() -> 46289
A22: 19 | B22: 桐心源 | C22: 500农夫饮料 | D22: =IFERROR(SUMIFS(存条明细!E:E,存条明细!C:C,B22,存条明细!D:D,C22),0) -> 720 | E22: 52 | F22: =IFERROR(SUMIFS(存条明细!G:G,存条明细!C:C,B22,存条明细!D:D,C22),0) -> 37440 | G22: =IFERROR(SUMIFS(出库明细!E:E,出库明细!C:C,B22,出库明细!D:D,C22),0) -> 1062 | H22: =IFERROR(SUMIFS(出库明细!G:G,出库明细!C:C,B22,出库明细!D:D,C22),0) -> 55800 | I22: =IFERROR(D22-G22,0) -> -342 | J22: =IFERROR(F22-H22,0) -> -18360 | K22: =TODAY() -> 46289
... A43: 38 | B43: 致发商行 | C43: 小焙好茶 | D43: =IFERROR(SUMIFS(存条明细!E:E,存条明细!C:C,B43,存条明细!D:D,C43),0) -> 10 | E43: 48 | F43: =IFERROR(SUMIFS(存条明细!G:G,存条明细!C:C,B43,存条明细!D:D,C43),0) -> 480 | G43: =IFERROR(SUMIFS(出库明细!E:E,出库明细!C:C,B43,出库明细!D:D,C43),0) -> 10 | H43: =IFERROR(SUMIFS(出库明细!G:G,出库明细!C:C,B43,出库明细!D:D,C43),0) -> 480 | I43: =IFERROR(D43-G43,0) -> 0 | J43: =IFERROR(F43-H43,0) -> 0 | K43: =TODAY() -> 46289
A44: 39 | B44: 致发商行 | C44: 1L果之茶 | D44: =IFERROR(SUMIFS(存条明细!E:E,存条明细!C:C,B44,存条明细!D:D,C44),0) -> 158 | E44: 43 | F44: =IFERROR(SUMIFS(存条明细!G:G,存条明细!C:C,B44,存条明细!D:D,C44),0) -> 6450 | G44: =IFERROR(SUMIFS(出库明细!E:E,出库明细!C:C,B44,出库明细!D:D,C44),0) -> 268 | H44: =IFERROR(SUMIFS(出库明细!G:G,出库明细!C:C,B44,出库明细!D:D,C44),0) -> 11524 | J44: =IFERROR(F44-H44,0) -> -5074 | K44: =TODAY() -> 46289
A45: 42 | B45: 致发商行 | C45: 大咖 | D45: =IFERROR(SUMIFS(存条明细!E:E,存条明细!C:C,B45,存条明细!D:D,C45),0) -> 208 | E45: 83 | F45: =IFERROR(SUMIFS(存条明细!G:G,存条明细!C:C,B45,存条明细!D:D,C45),0) -> 16600 | G45: =IFERROR(SUMIFS(出库明细!E:E,出库明细!C:C,B45,出库明细!D:D,C45),0) -> 80 | H45: =IFERROR(SUMIFS(出库明细!G:G,出库明细!C:C,B45,出库明细!D:D,C45),0) -> 6640 | I45: =IFERROR(D45-G45,0) -> 128 | J45: =IFERROR(F45-H45,0) -> 9960 | K45: =TODAY() -> 46289
A46: 44 | B46: 通达商行 | C46: 大东鹏 | D46: =IFERROR(SUMIFS(存条明细!E:E,存条明细!C:C,B46,存条明细!D:D,C46),0) -> 200 | E46: 90 | F46: =IFERROR(SUMIFS(存条明细!G:G,存条明细!C:C,B46,存条明细!D:D,C46),0) -> 18000 | G46: =IFERROR(SUMIFS(出库明细!E:E,出库明细!C:C,B46,出库明细!D:D,C46),0) -> 200 | H46: =IFERROR(SUMIFS(出库明细!G:G,出库明细!C:C,B46,出库明细!D:D,C46),0) -> 18000 | I46: =IFERROR(D46-G46,0) -> 0 | J46: =IFERROR(F46-H46,0) -> 0 | K46: =TODAY() -> 46289
A47: 45 | B47: 宜兴粮油 | C47: 大东鹏 | D47: 615 | E47: 87.8 | F47: 54000 | G47: =IFERROR(SUMIFS(出库明细!E:E,出库明细!C:C,B47,出库明细!D:D,C47),0) -> 615 | H47: =IFERROR(SUMIFS(出库明细!G:G,出库明细!C:C,B47,出库明细!D:D,C47),0) -> 54877 | I47: =IFERROR(D47-G47,0) -> 0 | J47: =IFERROR(F47-H47,0) -> -877 | K47: =TODAY() -> 46289
A48: 46 | B48: 宜兴粮油 | C48: 555补水 | D48: 76 | F48: =IFERROR(SUMIFS(存条明细!G:G,存条明细!C:C,B48,存条明细!D:D,C48),0) -> 3900 | G48: =IFERROR(SUMIFS(出库明细!E:E,出库明细!C:C,B48,出库明细!D:D,C48),0) -> 76 | H48: =IFERROR(SUMIFS(出库明细!G:G,出库明细!C:C,B48,出库明细!D:D,C48),0) -> 3900 | I48: =IFERROR(D48-G48,0) -> 0 | J48: =IFERROR(F48-H48,0) -> 0 | K48: =TODAY() -> 46289
A49: 47 | B49: 兴隆隆兴商行 | C49: 大东鹏 | D49: =IFERROR(SUMIFS(存条明细!E:E,存条明细!C:C,B49,存条明细!D:D,C49),0) -> 162 | E49: 90 | F49: =IFERROR(SUMIFS(存条明细!G:G,存条明细!C:C,B49,存条明细!D:D,C49),0) -> 14580 | G49: =IFERROR(SUMIFS(出库明细!E:E,出库明细!C:C,B49,出库明细!D:D,C49),0) -> 162 | H49: =IFERROR(SUMIFS(出库明细!G:G,出库明细!C:C,B49,出库明细!D:D,C49),0) -> 14580 | I49: =IFERROR(D49-G49,0) -> 0 | J49: =IFERROR(F49-H49,0) -> 0 | K49: =TODAY() -> 46289
A50: 48 | B50: 兴隆隆兴商行 | C50: 1L补水 | D50: =IFERROR(SUMIFS(存条明细!E:E,存条明细!C:C,B50,存条明细!D:D,C50),0) -> 23 | E50: 55 | F50: =IFERROR(SUMIFS(存条明细!G:G,存条明细!C:C,B50,存条明细!D:D,C50),0) -> 1265 | G50: =IFERROR(SUMIFS(出库明细!E:E,出库明细!C:C,B50,出库明细!D:D,C50),0) -> 23 | H50: =IFERROR(SUMIFS(出库明细!G:G,出库明细!C:C,B50,出库明细!D:D,C50),0) -> 1265 | I50: =IFERROR(D50-G50,0) -> 0 | J50: =IFERROR(F50-H50,0) -> 0 | K50: =TODAY() -> 46289
A51: 49 | B51: 兴隆隆兴商行 | C51: 555补水 | D51: =IFERROR(SUMIFS(存条明细!E:E,存条明细!C:C,B51,存条明细!D:D,C51),0) -> 23 | E51: 65 | F51: =IFERROR(SUMIFS(存条明细!G:G,存条明细!C:C,B51,存条明细!D:D,C51),0) -> 1495 | G51: =IFERROR(SUMIFS(出库明细!E:E,出库明细!C:C,B51,出库明细!D:D,C51),0) -> 59 | H51: =IFERROR(SUMIFS(出库明细!G:G,出库明细!C:C,B51,出库明细!D:D,C51),0) -> 3770 | I51: =IFERROR(D51-G51,0) -> -36 | J51: =IFERROR(F51-H51,0) -> -2275 | K51: =TODAY() -> 46289
A52: 50 | B52: 兴隆隆兴商行 | C52: 大咖 | D52: =IFERROR(SUMIFS(存条明细!E:E,存条明细!C:C,B52,存条明细!D:D,C52),0) -> 68 | E52: 83 | F52: =IFERROR(SUMIFS(存条明细!G:G,存条明细!C:C,B52,存条明细!D:D,C52),0) -> 5644 | G52: =IFERROR(SUMIFS(出库明细!E:E,出库明细!C:C,B52,出库明细!D:D,C52),0) -> 10 | H52: =IFERROR(SUMIFS(出库明细!G:G,出库明细!C:C,B52,出库明细!D:D,C52),0) -> 830 | I52: =IFERROR(D52-G52,0) -> 58 | J52: =IFERROR(F52-H52,0) -> 4814 | K52: =TODAY() -> 46289
A53: 51 | B53: 兴隆隆兴商行 | C53: 港式奶茶 | D53: =IFERROR(SUMIFS(存条明细!E:E,存条明细!C:C,B53,存条明细!D:D,C53),0) -> 11 | E53: 69 | F53: =IFERROR(SUMIFS(存条明细!G:G,存条明细!C:C,B53,存条明细!D:D,C53),0) -> 759 | G53: =IFERROR(SUMIFS(出库明细!E:E,出库明细!C:C,B53,出库明细!D:D,C53),0) -> 0 | H53: =IFERROR(SUMIFS(出库明细!G:G,出库明细!C:C,B53,出库明细!D:D,C53),0) -> 0 | I53: =IFERROR(D53-G53,0) -> 11 | J53: =IFERROR(F53-H53,0) -> 759 | K53: =TODAY() -> 46289
A54: 52 | B54: 诚信粮油 | C54: 大东鹏 | D54: 300 | E54: 90 | F54: =IFERROR(SUMIFS(存条明细!G:G,存条明细!C:C,B54,存条明细!D:D,C54),0) -> 27000 | G54: =IFERROR(SUMIFS(出库明细!E:E,出库明细!C:C,B54,出库明细!D:D,C54),0) -> 300 | H54: =IFERROR(SUMIFS(出库明细!G:G,出库明细!C:C,B54,出库明细!D:D,C54),0) -> 27000 | I54: =IFERROR(D54-G54,0) -> 0 | J54: =IFERROR(F54-H54,0) -> 0 | K54: =TODAY() -> 46289
A55: 53 | B55: 吕维春 | C55: 大东鹏 | D55: 250 | E55: 90 | F55: =IFERROR(SUMIFS(存条明细!G:G,存条明细!C:C,B55,存条明细!D:D,C55),0) -> 22500 | G55: =IFERROR(SUMIFS(出库明细!E:E,出库明细!C:C,B55,出库明细!D:D,C55),0) -> 130 | H55: =IFERROR(SUMIFS(出库明细!G:G,出库明细!C:C,B55,出库明细!D:D,C55),0) -> 11700 | I55: =IFERROR(D55-G55,0) -> 120 | J55: =IFERROR(F55-H55,0) -> 10800 | K55: =TODAY() -> 46289
A56: 54 | B56: 吕维春 | C56: 1L补水 | D56: 150 | E56: 55 | F56: =IFERROR(SUMIFS(存条明细!G:G,存条明细!C:C,B56,存条明细!D:D,C56),0) -> 8250 | G56: =IFERROR(SUMIFS(出库明细!E:E,出库明细!C:C,B56,出库明细!D:D,C56),0) -> 0 | H56: =IFERROR(SUMIFS(出库明细!G:G,出库明细!C:C,B56,出库明细!D:D,C56),0) -> 0 | I56: =IFERROR(D56-G56,0) -> 150 | J56: =IFERROR(F56-H56,0) -> 8250 | K56: =TODAY() -> 46289
A57: 55 | B57: 吕维春 | C57: 1L果之茶 | D57: 20 | E57: 43 | F57: =IFERROR(SUMIFS(存条明细!G:G,存条明细!C:C,B57,存条明细!D:D,C57),0) -> 860 | G57: =IFERROR(SUMIFS(出库明细!E:E,出库明细!C:C,B57,出库明细!D:D,C57),0) -> 0 | H57: =IFERROR(SUMIFS(出库明细!G:G,出库明细!C:C,B57,出库明细!D:D,C57),0) -> 0 | I57: =IFERROR(D57-G57,0) -> 20 | J57: =IFERROR(F57-H57,0) -> 860 | K57: =TODAY() -> 46289
A58: 56 | B58: 吕维春 | C58: 大咖 | D58: 10 | E58: 83 | F58: =IFERROR(SUMIFS(存条明细!G:G,存条明细!C:C,B58,存条明细!D:D,C58),0) -> 830 | G58: =IFERROR(SUMIFS(出库明细!E:E,出库明细!C:C,B58,出库明细!D:D,C58),0) -> 0 | H58: =IFERROR(SUMIFS(出库明细!G:G,出库明细!C:C,B58,出库明细!D:D,C58),0) -> 0 | I58: =IFERROR(D58-G58,0) -> 10 | J58: =IFERROR(F58-H58,0) -> 830 | K58: =TODAY() -> 46289
A59: 57 | B59: 兴发商行 | C59: 大东鹏 | D59: 170 | E59: 90 | F59: =IFERROR(SUMIFS(存条明细!G:G,存条明细!C:C,B59,存条明细!D:D,C59),0) -> 15300 | G59: =IFERROR(SUMIFS(出库明细!E:E,出库明细!C:C,B59,出库明细!D:D,C59),0) -> 90 | H59: =IFERROR(SUMIFS(出库明细!G:G,出库明细!C:C,B59,出库明细!D:D,C59),0) -> 8100 | I59: =IFERROR(D59-G59,0) -> 80 | J59: =IFERROR(F59-H59,0) -> 7200 | K59: =TODAY() -> 46289
A60: 58 | B60: 城岗日日升超市 | C60: 大东鹏 | D60: =IFERROR(SUMIFS(存条明细!E:E,存条明细!C:C,B60,存条明细!D:D,C60),0) -> 464 | E60: 90 | F60: =IFERROR(SUMIFS(存条明细!G:G,存条明细!C:C,B60,存条明细!D:D,C60),0) -> 41760 | G60: =IFERROR(SUMIFS(出库明细!E:E,出库明细!C:C,B60,出库明细!D:D,C60),0) -> 364 | H60: =IFERROR(SUMIFS(出库明细!G:G,出库明细!C:C,B60,出库明细!D:D,C60),0) -> 32760 | I60: =IFERROR(D60-G60,0) -> 100 | J60: =IFERROR(F60-H60,0) -> 9000 | K60: =TODAY() -> 46289
A61: 59 | B61: 城岗日日升超市 | C61: 555补水 | D61: 40 | E61: 65 | F61: =IFERROR(SUMIFS(存条明细!G:G,存条明细!C:C,B61,存条明细!D:D,C61),0) -> 2600 | G61: =IFERROR(SUMIFS(出库明细!E:E,出库明细!C:C,B61,出库明细!D:D,C61),0) -> 20 | H61: =IFERROR(SUMIFS(出库明细!G:G,出库明细!C:C,B61,出库明细!D:D,C61),0) -> 1300 | I61: =IFERROR(D61-G61,0) -> 20 | J61: =IFERROR(F61-H61,0) -> 1300 | K61: =TODAY() -> 46289
A62: 60 | B62: 城岗日日升超市 | C62: 1L补水 | D62: 97 | E62: 55 | F62: =IFERROR(SUMIFS(存条明细!G:G,存条明细!C:C,B62,存条明细!D:D,C62),0) -> 5335 | G62: =IFERROR(SUMIFS(出库明细!E:E,出库明细!C:C,B62,出库明细!D:D,C62),0) -> 50 | H62: =IFERROR(SUMIFS(出库明细!G:G,出库明细!C:C,B62,出库明细!D:D,C62),0) -> 2750 | I62: =IFERROR(D62-G62,0) -> 47 | J62: =IFERROR(F62-H62,0) -> 2585 | K62: =TODAY() -> 46289
A63: 61 | B63: 城岗日日升超市 | C63: 港式奶茶 | D63: 64 | E63: 69 | F63: =IFERROR(SUMIFS(存条明细!G:G,存条明细!C:C,B63,存条明细!D:D,C63),0) -> 4416 | G63: =IFERROR(SUMIFS(出库明细!E:E,出库明细!C:C,B63,出库明细!D:D,C63),0) -> 0 | H63: =IFERROR(SUMIFS(出库明细!G:G,出库明细!C:C,B63,出库明细!D:D,C63),0) -> 0 | I63: =IFERROR(D63-G63,0) -> 64 | J63: =IFERROR(F63-H63,0) -> 4416 | K63: =TODAY() -> 46289
A64: 62 | B64: 城岗日日升超市 | C64: 1L果之茶 | D64: 15.5 | E64: 43 | F64: =IFERROR(SUMIFS(存条明细!G:G,存条明细!C:C,B64,存条明细!D:D,C64),0) -> 666.5 | G64: =IFERROR(SUMIFS(出库明细!E:E,出库明细!C:C,B64,出库明细!D:D,C64),0) -> 15.5 | H64: =IFERROR(SUMIFS(出库明细!G:G,出库明细!C:C,B64,出库明细!D:D,C64),0) -> 666.5 | I64: =IFERROR(D64-G64,0) -> 0 | J64: =IFERROR(F64-H64,0) -> 0 | K64: =TODAY() -> 46289
A65: 63 | B65: 城岗日日升超市 | C65: 小东鹏 | D65: 39 | E65: 51 | F65: =IFERROR(SUMIFS(存条明细!G:G,存条明细!C:C,B65,存条明细!D:D,C65),0) -> 1989 | G65: =IFERROR(SUMIFS(出库明细!E:E,出库明细!C:C,B65,出库明细!D:D,C65),0) -> 20 | H65: =IFERROR(SUMIFS(出库明细!G:G,出库明细!C:C,B65,出库明细!D:D,C65),0) -> 1020 | I65: =IFERROR(D65-G65,0) -> 19 | J65: =IFERROR(F65-H65,0) -> 969 | K65: =TODAY() -> 46289
A66: 64 | B66: 城岗日日升超市 | C66: 大咖 | D66: 19.5 | E66: 83 | F66: =IFERROR(SUMIFS(存条明细!G:G,存条明细!C:C,B66,存条明细!D:D,C66),0) -> 1618.5 | G66: =IFERROR(SUMIFS(出库明细!E:E,出库明细!C:C,B66,出库明细!D:D,C66),0) -> 0 | H66: =IFERROR(SUMIFS(出库明细!G:G,出库明细!C:C,B66,出库明细!D:D,C66),0) -> 0 | I66: =IFERROR(D66-G66,0) -> 19.5 | J66: =IFERROR(F66-H66,0) -> 1618.5 | K66: =TODAY() -> 46289
A67: 65 | B67: 城岗日日升超市 | C67: 550农夫水 | D67: 275.5 | E67: 20 | F67: =IFERROR(SUMIFS(存条明细!G:G,存条明细!C:C,B67,存条明细!D:D,C67),0) -> 5510 | G67: =IFERROR(SUMIFS(出库明细!E:E,出库明细!C:C,B67,出库明细!D:D,C67),0) -> 0 | H67: =IFERROR(SUMIFS(出库明细!G:G,出库明细!C:C,B67,出库明细!D:D,C67),0) -> 0 | I67: =IFERROR(D67-G67,0) -> 275.5 | J67: =IFERROR(F67-H67,0) -> 5510 | K67: =TODAY() -> 46289
A68: 66 | B68: 江背久明商行 | C68: 大东鹏 | D68: 524 | E68: 90 | F68: =IFERROR(SUMIFS(存条明细!G:G,存条明细!C:C,B68,存条明细!D:D,C68),0) -> 47160 | G68: =IFERROR(SUMIFS(出库明细!E:E,出库明细!C:C,B68,出库明细!D:D,C68),0) -> 524 | H68: =IFERROR(SUMIFS(出库明细!G:G,出库明细!C:C,B68,出库明细!D:D,C68),0) -> 47160 | I68: =IFERROR(D68-G68,0) -> 0 | J68: =IFERROR(F68-H68,0) -> 0 | K68: =TODAY() -> 46289
A69: 67 | B69: 江背久明商行 | C69: 大咖 | D69: 80 | E69: 83 | F69: =IFERROR(SUMIFS(存条明细!G:G,存条明细!C:C,B69,存条明细!D:D,C69),0) -> 6640 | G69: =IFERROR(SUMIFS(出库明细!E:E,出库明细!C:C,B69,出库明细!D:D,C69),0) -> 80 | H69: =IFERROR(SUMIFS(出库明细!G:G,出库明细!C:C,B69,出库明细!D:D,C69),0) -> 6640 | I69: =IFERROR(D69-G69,0) -> 0 | J69: =IFERROR(F69-H69,0) -> 0 | K69: =TODAY() -> 46289
A70: 68 | B70: 江背久明商行 | C70: 小果之茶 | D70: 30 | E70: 47 | F70: =IFERROR(SUMIFS(存条明细!G:G,存条明细!C:C,B70,存条明细!D:D,C70),0) -> 1410 | G70: =IFERROR(SUMIFS(出库明细!E:E,出库明细!C:C,B70,出库明细!D:D,C70),0) -> 30 | H70: =IFERROR(SUMIFS(出库明细!G:G,出库明细!C:C,B70,出库明细!D:D,C70),0) -> 1410 | I70: =IFERROR(D70-G70,0) -> 0 | J70: =IFERROR(F70-H70,0) -> 0 | K70: =TODAY() -> 46289
A71: 69 | B71: 江背久明商行 | C71: 九制陈皮 | D71: 30 | E71: 47 | F71: =IFERROR(SUMIFS(存条明细!G:G,存条明细!C:C,B71,存条明细!D:D,C71),0) -> 1410 | G71: =IFERROR(SUMIFS(出库明细!E:E,出库明细!C:C,B71,出库明细!D:D,C71),0) -> 30 | H71: =IFERROR(SUMIFS(出库明细!G:G,出库明细!C:C,B71,出库明细!D:D,C71),0) -> 1410 | I71: =IFERROR(D71-G71,0) -> 0 | J71: =IFERROR(F71-H71,0) -> 0 | K71: =TODAY() -> 46289
A72: 70 | B72: 龙岗好又全超市 | C72: 大东鹏 | D72: 578 | E72: 90 | F72: =IFERROR(SUMIFS(存条明细!G:G,存条明细!C:C,B72,存条明细!D:D,C72),0) -> 52020 | G72: =IFERROR(SUMIFS(出库明细!E:E,出库明细!C:C,B72,出库明细!D:D,C72),0) -> 0 | H72: =IFERROR(SUMIFS(出库明细!G:G,出库明细!C:C,B72,出库明细!D:D,C72),0) -> 0 | I72: =IFERROR(D72-G72,0) -> 578 | J72: =IFERROR(F72-H72,0) -> 52020 | K72: =TODAY() -> 46289
... A80: 78 | B80: 社富丽华超市 | C80: 大东鹏 | D80: 90 | E80: 90 | F80: =IFERROR(SUMIFS(存条明细!G:G,存条明细!C:C,B80,存条明细!D:D,C80),0) -> 8100 | G80: =IFERROR(SUMIFS(出库明细!E:E,出库明细!C:C,B80,出库明细!D:D,C80),0) -> 0 | H80: =IFERROR(SUMIFS(出库明细!G:G,出库明细!C:C,B80,出库明细!D:D,C80),0) -> 0 | I80: =IFERROR(D80-G80,0) -> 90 | J80: =IFERROR(F80-H80,0) -> 8100 | K80: =TODAY() -> 46289
A81: 79 | B81: 九鑫粮油 | C81: 大东鹏 | D81: 35 | E81: 90 | F81: =IFERROR(SUMIFS(存条明细!G:G,存条明细!C:C,B81,存条明细!D:D,C81),0) -> 3150 | G81: =IFERROR(SUMIFS(出库明细!E:E,出库明细!C:C,B81,出库明细!D:D,C81),0) -> 67 | H81: =IFERROR(SUMIFS(出库明细!G:G,出库明细!C:C,B81,出库明细!D:D,C81),0) -> 6030 | I81: =IFERROR(D81-G81,0) -> -32 | J81: =IFERROR(F81-H81,0) -> -2880
A82: 80 | B82: 鼎龙陈财超市 | C82: 大东鹏 | D82: 379 | E82: 90 | F82: =IFERROR(SUMIFS(存条明细!G:G,存条明细!C:C,B82,存条明细!D:D,C82),0) -> 142110 | G82: =IFERROR(SUMIFS(出库明细!E:E,出库明细!C:C,B82,出库明细!D:D,C82),0) -> 100 | H82: =IFERROR(SUMIFS(出库明细!G:G,出库明细!C:C,B82,出库明细!D:D,C82),0) -> 9000 | I82: =IFERROR(D82-G82,0) -> 279 | J82: =IFERROR(F82-H82,0) -> 133110
A83: 81 | B83: 鼎龙陈财超市 | C83: 555补水 | D83: 214.5 | E83: 65 | F83: =IFERROR(SUMIFS(存条明细!G:G,存条明细!C:C,B83,存条明细!D:D,C83),0) -> 13942.5 | G83: =IFERROR(SUMIFS(出库明细!E:E,出库明细!C:C,B83,出库明细!D:D,C83),0) -> 0 | H83: =IFERROR(SUMIFS(出库明细!G:G,出库明细!C:C,B83,出库明细!D:D,C83),0) -> 0 | I83: =IFERROR(D83-G83,0) -> 214.5 | J83: =IFERROR(F83-H83,0) -> 13942.5
A84: 82 | B84: 鼎龙陈财超市 | C84: 1L补水 | D84: 270 | E84: 55 | F84: =IFERROR(SUMIFS(存条明细!G:G,存条明细!C:C,B84,存条明细!D:D,C84),0) -> 14850 | G84: =IFERROR(SUMIFS(出库明细!E:E,出库明细!C:C,B84,出库明细!D:D,C84),0) -> 0 | H84: =IFERROR(SUMIFS(出库明细!G:G,出库明细!C:C,B84,出库明细!D:D,C84),0) -> 0 | I84: =IFERROR(D84-G84,0) -> 270 | J84: =IFERROR(F84-H84,0) -> 14850
A85: 83 | B85: 鼎龙陈财超市 | C85: 小东鹏 | D85: 20 | E85: 51 | F85: =IFERROR(SUMIFS(存条明细!G:G,存条明细!C:C,B85,存条明细!D:D,C85),0) -> 1020 | G85: =IFERROR(SUMIFS(出库明细!E:E,出库明细!C:C,B85,出库明细!D:D,C85),0) -> 0 | H85: =IFERROR(SUMIFS(出库明细!G:G,出库明细!C:C,B85,出库明细!D:D,C85),0) -> 0 | I85: =IFERROR(D85-G85,0) -> 20 | J85: =IFERROR(F85-H85,0) -> 1020
A86: 84 | B86: 鼎龙陈财超市 | C86: 大咖 | D86: 70 | E86: 83 | F86: =IFERROR(SUMIFS(存条明细!G:G,存条明细!C:C,B86,存条明细!D:D,C86),0) -> 5810 | G86: =IFERROR(SUMIFS(出库明细!E:E,出库明细!C:C,B86,出库明细!D:D,C86),0) -> 20 | H86: =IFERROR(SUMIFS(出库明细!G:G,出库明细!C:C,B86,出库明细!D:D,C86),0) -> 1660 | I86: =IFERROR(D86-G86,0) -> 50 | J86: =IFERROR(F86-H86,0) -> 4150
A87: 85 | B87: 鼎龙陈财超市 | C87: 港式奶茶 | D87: 150 | E87: 69 | F87: =IFERROR(SUMIFS(存条明细!G:G,存条明细!C:C,B87,存条明细!D:D,C87),0) -> 10350 | G87: =IFERROR(SUMIFS(出库明细!E:E,出库明细!C:C,B87,出库明细!D:D,C87),0) -> 0 | H87: =IFERROR(SUMIFS(出库明细!G:G,出库明细!C:C,B87,出库明细!D:D,C87),0) -> 0 | I87: =IFERROR(D87-G87,0) -> 150 | J87: =IFERROR(F87-H87,0) -> 10350
A88: 86 | B88: 洪门美群商行 | C88: 大东鹏 | D88: 50 | E88: 90 | F88: =IFERROR(SUMIFS(存条明细!G:G,存条明细!C:C,B88,存条明细!D:D,C88),0) -> 4500 | G88: =IFERROR(SUMIFS(出库明细!E:E,出库明细!C:C,B88,出库明细!D:D,C88),0) -> 0 | H88: =IFERROR(SUMIFS(出库明细!G:G,出库明细!C:C,B88,出库明细!D:D,C88),0) -> 0 | I88: =IFERROR(D88-G88,0) -> 50 | J88: =IFERROR(F88-H88,0) -> 4500
A89: 87 | B89: 兴江家源超市 | C89: 大东鹏 | D89: 20 | E89: 90 | F89: =IFERROR(SUMIFS(存条明细!G:G,存条明细!C:C,B89,存条明细!D:D,C89),0) -> 1800 | G89: =IFERROR(SUMIFS(出库明细!E:E,出库明细!C:C,B89,出库明细!D:D,C89),0) -> 0 | H89: =IFERROR(SUMIFS(出库明细!G:G,出库明细!C:C,B89,出库明细!D:D,C89),0) -> 0 | I89: =IFERROR(D89-G89,0) -> 20 | J89: =IFERROR(F89-H89,0) -> 1800
A90: 88 | B90: 枫边德华超市 | C90: 大东鹏 | D90: 100 | E90: 90 | F90: =IFERROR(SUMIFS(存条明细!G:G,存条明细!C:C,B90,存条明细!D:D,C90),0) -> 9000 | G90: =IFERROR(SUMIFS(出库明细!E:E,出库明细!C:C,B90,出库明细!D:D,C90),0) -> 100 | H90: =IFERROR(SUMIFS(出库明细!G:G,出库明细!C:C,B90,出库明细!D:D,C90),0) -> 9000 | I90: =IFERROR(D90-G90,0) -> 0 | J90: =IFERROR(F90-H90,0) -> 0
A91: 89 | B91: 枫边德华超市 | C91: 555补水 | D91: 80 | E91: 65 | F91: =IFERROR(SUMIFS(存条明细!G:G,存条明细!C:C,B91,存条明细!D:D,C91),0) -> 5200 | G91: =IFERROR(SUMIFS(出库明细!E:E,出库明细!C:C,B91,出库明细!D:D,C91),0) -> 30 | H91: =IFERROR(SUMIFS(出库明细!G:G,出库明细!C:C,B91,出库明细!D:D,C91),0) -> 1950 | I91: =IFERROR(D91-G91,0) -> 50 | J91: =IFERROR(F91-H91,0) -> 3250
A92: 90 | B92: 枫边德华超市 | C92: 1L补水 | D92: 80 | E92: 55 | F92: =IFERROR(SUMIFS(存条明细!G:G,存条明细!C:C,B92,存条明细!D:D,C92),0) -> 4400 | G92: =IFERROR(SUMIFS(出库明细!E:E,出库明细!C:C,B92,出库明细!D:D,C92),0) -> 0 | H92: =IFERROR(SUMIFS(出库明细!G:G,出库明细!C:C,B92,出库明细!D:D,C92),0) -> 0 | I92: =IFERROR(D92-G92,0) -> 80 | J92: =IFERROR(F92-H92,0) -> 4400
... A111: 113 | B111: 埠头凤岗万家乐超市 | C111: 大东鹏 | D111: 10 | E111: 93 | F111: =IFERROR(SUMIFS(存条明细!G:G,存条明细!C:C,B111,存条明细!D:D,C111),0) -> 930 | G111: =IFERROR(SUMIFS(出库明细!E:E,出库明细!C:C,B111,出库明细!D:D,C111),0) -> 10 | H111: =IFERROR(SUMIFS(出库明细!G:G,出库明细!C:C,B111,出库明细!D:D,C111),0) -> 930 | I111: =IFERROR(D111-G111,0) -> 0 | J111: =IFERROR(F111-H111,0) -> 0
A112: 114 | B112: 红军路怡品折扣店 | C112: 大东鹏 | D112: 60 | E112: 90 | F112: =IFERROR(SUMIFS(存条明细!G:G,存条明细!C:C,B112,存条明细!D:D,C112),0) -> 5400 | G112: =IFERROR(SUMIFS(出库明细!E:E,出库明细!C:C,B112,出库明细!D:D,C112),0) -> 60 | H112: =IFERROR(SUMIFS(出库明细!G:G,出库明细!C:C,B112,出库明细!D:D,C112),0) -> 5400 | I112: =IFERROR(D112-G112,0) -> 0 | J112: =IFERROR(F112-H112,0) -> 0 | K112: =TODAY() -> 46289
A113: 115 | B113: 宜兴粮油 | C113: 小果之茶 | D113: 139 | E113: 47 | F113: =IFERROR(SUMIFS(存条明细!G:G,存条明细!C:C,B113,存条明细!D:D,C113),0) -> 6345 | G113: =IFERROR(SUMIFS(出库明细!E:E,出库明细!C:C,B113,出库明细!D:D,C113),0) -> 89 | H113: =IFERROR(SUMIFS(出库明细!G:G,出库明细!C:C,B113,出库明细!D:D,C113),0) -> 3995 | I113: =IFERROR(D113-G113,0) -> 50 | J113: =IFERROR(F113-H113,0) -> 2350
A114: 116 | B114: 宜兴粮油 | C114: 1L果之茶 | D114: 52 | E114: 43 | F114: =IFERROR(SUMIFS(存条明细!G:G,存条明细!C:C,B114,存条明细!D:D,C114),0) -> 2171.5 | G114: =IFERROR(SUMIFS(出库明细!E:E,出库明细!C:C,B114,出库明细!D:D,C114),0) -> 52 | H114: =IFERROR(SUMIFS(出库明细!G:G,出库明细!C:C,B114,出库明细!D:D,C114),0) -> 2171.5 | I114: =IFERROR(D114-G114,0) -> 0 | J114: =IFERROR(F114-H114,0) -> 0
A115: 118 | B115: 方太青华百货 | C115: 大东鹏 | D115: 15 | E115: 93 | F115: =IFERROR(SUMIFS(存条明细!G:G,存条明细!C:C,B115,存条明细!D:D,C115),0) -> 1395 | G115: =IFERROR(SUMIFS(出库明细!E:E,出库明细!C:C,B115,出库明细!D:D,C115),0) -> 0 | H115: =IFERROR(SUMIFS(出库明细!G:G,出库明细!C:C,B115,出库明细!D:D,C115),0) -> 0 | I115: =IFERROR(D115-G115,0) -> 15 | J115: =IFERROR(F115-H115,0) -> 1395
A116: 119 | B116: 均村好惠多超市 | C116: 大东鹏 | D116: 15 | E116: 93 | F116: =IFERROR(SUMIFS(存条明细!G:G,存条明细!C:C,B116,存条明细!D:D,C116),0) -> 1395 | G116: =IFERROR(SUMIFS(出库明细!E:E,出库明细!C:C,B116,出库明细!D:D,C116),0) -> 0 | H116: =IFERROR(SUMIFS(出库明细!G:G,出库明细!C:C,B116,出库明细!D:D,C116),0) -> 0 | I116: =IFERROR(D116-G116,0) -> 15 | J116: =IFERROR(F116-H116,0) -> 1395
A117: 120 | B117: 崇贤三角超市 | C117: 大东鹏 | D117: 25 | E117: 93 | F117: =IFERROR(SUMIFS(存条明细!G:G,存条明细!C:C,B117,存条明细!D:D,C117),0) -> 2325 | G117: =IFERROR(SUMIFS(出库明细!E:E,出库明细!C:C,B117,出库明细!D:D,C117),0) -> 25 | H117: =IFERROR(SUMIFS(出库明细!G:G,出库明细!C:C,B117,出库明细!D:D,C117),0) -> 2325 | I117: =IFERROR(D117-G117,0) -> 0 | J117: =IFERROR(F117-H117,0) -> 0 | K117: =TODAY() -> 46289
A118: 121 | B118: 崇贤三角超市 | C118: 1L补水 | D118: 5 | E118: 58 | F118: =IFERROR(SUMIFS(存条明细!G:G,存条明细!C:C,B118,存条明细!D:D,C118),0) -> 290 | G118: =IFERROR(SUMIFS(出库明细!E:E,出库明细!C:C,B118,出库明细!D:D,C118),0) -> 5 | H118: =IFERROR(SUMIFS(出库明细!G:G,出库明细!C:C,B118,出库明细!D:D,C118),0) -> 290 | I118: =IFERROR(D118-G118,0) -> 0 | J118: =IFERROR(F118-H118,0) -> 0 | K118: =TODAY() -> 46289
A119: 122 | B119: 崇贤三角超市 | C119: 555补水 | D119: 5 | E119: 68 | F119: =IFERROR(SUMIFS(存条明细!G:G,存条明细!C:C,B119,存条明细!D:D,C119),0) -> 340 | G119: =IFERROR(SUMIFS(出库明细!E:E,出库明细!C:C,B119,出库明细!D:D,C119),0) -> 5 | H119: =IFERROR(SUMIFS(出库明细!G:G,出库明细!C:C,B119,出库明细!D:D,C119),0) -> 340 | I119: =IFERROR(D119-G119,0) -> 0 | J119: =IFERROR(F119-H119,0) -> 0 | K119: =TODAY() -> 46289
A120: 123 | B120: 财源批发 | C120: 大东鹏 | D120: 50 | E120: 90 | F120: =IFERROR(SUMIFS(存条明细!G:G,存条明细!C:C,B120,存条明细!D:D,C120),0) -> 4500 | G120: =IFERROR(SUMIFS(出库明细!E:E,出库明细!C:C,B120,出库明细!D:D,C120),0) -> 50 | H120: =IFERROR(SUMIFS(出库明细!G:G,出库明细!C:C,B120,出库明细!D:D,C120),0) -> 4500 | I120: =IFERROR(D120-G120,0) -> 0 | J120: =IFERROR(F120-H120,0) -> 0 | K120: =TODAY() -> 46289
A121: 124 | B121: 标哥副食 | C121: 大东鹏 | D121: 15.5 | E121: 93 | F121: =IFERROR(SUMIFS(存条明细!G:G,存条明细!C:C,B121,存条明细!D:D,C121),0) -> 1441.5 | G121: =IFERROR(SUMIFS(出库明细!E:E,出库明细!C:C,B121,出库明细!D:D,C121),0) -> 15.5 | H121: =IFERROR(SUMIFS(出库明细!G:G,出库明细!C:C,B121,出库明细!D:D,C121),0) -> 1441.5 | I121: =IFERROR(D121-G121,0) -> 0 | J121: =IFERROR(F121-H121,0) -> 0
A122: 125 | B122: 标哥副食 | C122: 555补水 | D122: 2.5 | E122: 68 | F122: =IFERROR(SUMIFS(存条明细!G:G,存条明细!C:C,B122,存条明细!D:D,C122),0) -> 170 | G122: =IFERROR(SUMIFS(出库明细!E:E,出库明细!C:C,B122,出库明细!D:D,C122),0) -> 2.5 | H122: =IFERROR(SUMIFS(出库明细!G:G,出库明细!C:C,B122,出库明细!D:D,C122),0) -> 170 | I122: =IFERROR(D122-G122,0) -> 0 | J122: =IFERROR(F122-H122,0) -> 0
A123: 126 | B123: 标哥副食 | C123: 1L果之茶 | D123: 5 | E123: 46 | F123: =IFERROR(SUMIFS(存条明细!G:G,存条明细!C:C,B123,存条明细!D:D,C123),0) -> 230 | G123: =IFERROR(SUMIFS(出库明细!E:E,出库明细!C:C,B123,出库明细!D:D,C123),0) -> 5 | H123: =IFERROR(SUMIFS(出库明细!G:G,出库明细!C:C,B123,出库明细!D:D,C123),0) -> 230 | I123: =IFERROR(D123-G123,0) -> 0 | J123: =IFERROR(F123-H123,0) -> 0
A124: 127 | B124: 标哥副食 | C124: 九制陈皮 | D124: 2 | E124: 50 | F124: =IFERROR(SUMIFS(存条明细!G:G,存条明细!C:C,B124,存条明细!D:D,C124),0) -> 100 | G124: =IFERROR(SUMIFS(出库明细!E:E,出库明细!C:C,B124,出库明细!D:D,C124),0) -> 2 | H124: =IFERROR(SUMIFS(出库明细!G:G,出库明细!C:C,B124,出库明细!D:D,C124),0) -> 100 | I124: =IFERROR(D124-G124,0) -> 0 | J124: =IFERROR(F124-H124,0) -> 0
A125: 128 | B125: 标哥副食 | C125: 大咖 | D125: 1 | E125: 86 | F125: =IFERROR(SUMIFS(存条明细!G:G,存条明细!C:C,B125,存条明细!D:D,C125),0) -> 86 | G125: =IFERROR(SUMIFS(出库明细!E:E,出库明细!C:C,B125,出库明细!D:D,C125),0) -> 1 | H125: =IFERROR(SUMIFS(出库明细!G:G,出库明细!C:C,B125,出库明细!D:D,C125),0) -> 86 | I125: =IFERROR(D125-G125,0) -> 0 | J125: =IFERROR(F125-H125,0) -> 0
A126: 129 | B126: 标哥副食 | C126: 1L焙好茶 | D126: 1 | E126: 46 | F126: =IFERROR(SUMIFS(存条明细!G:G,存条明细!C:C,B126,存条明细!D:D,C126),0) -> 46 | G126: =IFERROR(SUMIFS(出库明细!E:E,出库明细!C:C,B126,出库明细!D:D,C126),0) -> 1 | H126: =IFERROR(SUMIFS(出库明细!G:G,出库明细!C:C,B126,出库明细!D:D,C126),0) -> 46 | I126: =IFERROR(D126-G126,0) -> 0 | J126: =IFERROR(F126-H126,0) -> 0
A127: 130 | B127: 标哥副食 | C127: 555椰子水 | D127: 1 | E127: 93 | F127: =IFERROR(SUMIFS(存条明细!G:G,存条明细!C:C,B127,存条明细!D:D,C127),0) -> 93 | G127: =IFERROR(SUMIFS(出库明细!E:E,出库明细!C:C,B127,出库明细!D:D,C127),0) -> 1 | H127: =IFERROR(SUMIFS(出库明细!G:G,出库明细!C:C,B127,出库明细!D:D,C127),0) -> 93 | I127: =IFERROR(D127-G127,0) -> 0 | J127: =IFERROR(F127-H127,0) -> 0
A128: 131 | B128: 标哥副食 | C128: 1L补水 | D128: 1 | E128: 58 | F128: =IFERROR(SUMIFS(存条明细!G:G,存条明细!C:C,B128,存条明细!D:D,C128),0) -> 58 | G128: =IFERROR(SUMIFS(出库明细!E:E,出库明细!C:C,B128,出库明细!D:D,C128),0) -> 1 | H128: =IFERROR(SUMIFS(出库明细!G:G,出库明细!C:C,B128,出库明细!D:D,C128),0) -> 58 | I128: =IFERROR(D128-G128,0) -> 0 | J128: =IFERROR(F128-H128,0) -> 0
A129: 132 | B129: 标哥副食 | C129: 330海岛椰 | D129: 5 | E129: 36 | F129: =IFERROR(SUMIFS(存条明细!G:G,存条明细!C:C,B129,存条明细!D:D,C129),0) -> 180 | G129: =IFERROR(SUMIFS(出库明细!E:E,出库明细!C:C,B129,出库明细!D:D,C129),0) -> 5 | H129: =IFERROR(SUMIFS(出库明细!G:G,出库明细!C:C,B129,出库明细!D:D,C129),0) -> 180 | I129: =IFERROR(D129-G129,0) -> 0 | J129: =IFERROR(F129-H129,0) -> 0
A130: 133 | B130: 标哥副食 | C130: 港式奶茶 | D130: 1 | E130: 72 | F130: =IFERROR(SUMIFS(存条明细!G:G,存条明细!C:C,B130,存条明细!D:D,C130),0) -> 72 | G130: =IFERROR(SUMIFS(出库明细!E:E,出库明细!C:C,B130,出库明细!D:D,C130),0) -> 1 | H130: =IFERROR(SUMIFS(出库明细!G:G,出库明细!C:C,B130,出库明细!D:D,C130),0) -> 72 | I130: =IFERROR(D130-G130,0) -> 0 | J130: =IFERROR(F130-H130,0) -> 0
A131: 134 | B131: 标哥副食 | C131: 小果之茶 | D131: 1 | E131: 50 | F131: =IFERROR(SUMIFS(存条明细!G:G,存条明细!C:C,B131,存条明细!D:D,C131),0) -> 50 | G131: =IFERROR(SUMIFS(出库明细!E:E,出库明细!C:C,B131,出库明细!D:D,C131),0) -> 1 | H131: =IFERROR(SUMIFS(出库明细!G:G,出库明细!C:C,B131,出库明细!D:D,C131),0) -> 50 | I131: =IFERROR(D131-G131,0) -> 0 | J131: =IFERROR(F131-H131,0) -> 0
A132: 135 | B132: 鼎龙陈财超市 | C132: 大东鹏 | D132: 1200 | E132: 90 | F132: =IFERROR(SUMIFS(存条明细!G:G,存条明细!C:C,B132,存条明细!D:D,C132),0) -> 142110 | G132: =IFERROR(SUMIFS(出库明细!E:E,出库明细!C:C,B132,出库明细!D:D,C132),0) -> 100 | H132: =IFERROR(SUMIFS(出库明细!G:G,出库明细!C:C,B132,出库明细!D:D,C132),0) -> 9000 | I132: =IFERROR(D132-G132,0) -> 1100 | J132: =IFERROR(F132-H132,0) -> 133110
... A196: 208 | B196: 埠头如愿超市 | C196: 大东鹏 | D196: 25 | E196: 93 | F196: =IFERROR(SUMIFS(存条明细!G:G,存条明细!C:C,B196,存条明细!D:D,C196),0) -> 2325 | G196: =IFERROR(SUMIFS(出库明细!E:E,出库明细!C:C,B196,出库明细!D:D,C196),0) -> 25 | H196: =IFERROR(SUMIFS(出库明细!G:G,出库明细!C:C,B196,出库明细!D:D,C196),0) -> 2325 | I196: =IFERROR(D196-G196,0) -> 0 | J196: =IFERROR(F196-H196,0) -> 0
B197: 七中阳光鲜奶 | C197: 550农夫水 | D197: 5 | E197: 21.5 | F197: =IFERROR(SUMIFS(存条明细!G:G,存条明细!C:C,B197,存条明细!D:D,C197),0) -> 107.5 | G197: =IFERROR(SUMIFS(出库明细!E:E,出库明细!C:C,B197,出库明细!D:D,C197),0) -> 0 | H197: =IFERROR(SUMIFS(出库明细!G:G,出库明细!C:C,B197,出库明细!D:D,C197),0) -> 0 | I197: =IFERROR(D197-G197,0) -> 5 | J197: =IFERROR(F197-H197,0) -> 107.5
B198: 兴发商行 | C198: 555补水 | D198: 18 | E198: 65 | F198: =IFERROR(SUMIFS(存条明细!G:G,存条明细!C:C,B198,存条明细!D:D,C198),0) -> 1137.5 | G198: =IFERROR(SUMIFS(出库明细!E:E,出库明细!C:C,B198,出库明细!D:D,C198),0) -> 18 | H198: =IFERROR(SUMIFS(出库明细!G:G,出库明细!C:C,B198,出库明细!D:D,C198),0) -> 1170 | I198: =IFERROR(D198-G198,0) -> 0 | J198: =IFERROR(F198-H198,0) -> -32.5
B199: 洪门兴诚超市 | C199: 清爽 | D199: 50 | E199: 42 | F199: =IFERROR(SUMIFS(存条明细!G:G,存条明细!C:C,B199,存条明细!D:D,C199),0) -> 2100 | G199: =IFERROR(SUMIFS(出库明细!E:E,出库明细!C:C,B199,出库明细!D:D,C199),0) -> 0 | H199: =IFERROR(SUMIFS(出库明细!G:G,出库明细!C:C,B199,出库明细!D:D,C199),0) -> 0 | I199: =IFERROR(D199-G199,0) -> 50 | J199: =IFERROR(F199-H199,0) -> 2100
B200: 长岗岭万家乐超市 | C200: 大东鹏 | D200: 30 | E200: 93 | F200: =IFERROR(SUMIFS(存条明细!G:G,存条明细!C:C,B200,存条明细!D:D,C200),0) -> 2790 | G200: =IFERROR(SUMIFS(出库明细!E:E,出库明细!C:C,B200,出库明细!D:D,C200),0) -> 0 | H200: =IFERROR(SUMIFS(出库明细!G:G,出库明细!C:C,B200,出库明细!D:D,C200),0) -> 0 | I200: =IFERROR(D200-G200,0) -> 30 | J200: =IFERROR(F200-H200,0) -> 2790
B201: 龙岗荣鑫商行 | C201: 大东鹏 | D201: 50 | E201: 90 | F201: =IFERROR(SUMIFS(存条明细!G:G,存条明细!C:C,B201,存条明细!D:D,C201),0) -> 4500 | G201: =IFERROR(SUMIFS(出库明细!E:E,出库明细!C:C,B201,出库明细!D:D,C201),0) -> 0 | H201: =IFERROR(SUMIFS(出库明细!G:G,出库明细!C:C,B201,出库明细!D:D,C201),0) -> 0 | I201: =IFERROR(D201-G201,0) -> 50 | J201: =IFERROR(F201-H201,0) -> 4500
B202: 城岗老石商行 | C202: 大东鹏 | D202: 30 | E202: 90 | F202: =IFERROR(SUMIFS(存条明细!G:G,存条明细!C:C,B202,存条明细!D:D,C202),0) -> 2700 | G202: =IFERROR(SUMIFS(出库明细!E:E,出库明细!C:C,B202,出库明细!D:D,C202),0) -> 0 | H202: =IFERROR(SUMIFS(出库明细!G:G,出库明细!C:C,B202,出库明细!D:D,C202),0) -> 0 | I202: =IFERROR(D202-G202,0) -> 30 | J202: =IFERROR(F202-H202,0) -> 2700
B203: 埠头万客欢 | C203: 550纯净水12入 | D203: 250 | E203: 7.6 | F203: =IFERROR(SUMIFS(存条明细!G:G,存条明细!C:C,B203,存条明细!D:D,C203),0) -> 1900 | G203: =IFERROR(SUMIFS(出库明细!E:E,出库明细!C:C,B203,出库明细!D:D,C203),0) -> 0 | H203: =IFERROR(SUMIFS(出库明细!G:G,出库明细!C:C,B203,出库明细!D:D,C203),0) -> 0 | I203: =IFERROR(D203-G203,0) -> 250 | J203: =IFERROR(F203-H203,0) -> 1900
B204: 小梅商行 | C204: 1L补水 | D204: 624 | F204: =IFERROR(SUMIFS(存条明细!G:G,存条明细!C:C,B204,存条明细!D:D,C204),0) -> 33000 | G204: =IFERROR(SUMIFS(出库明细!E:E,出库明细!C:C,B204,出库明细!D:D,C204),0) -> 203 | H204: =IFERROR(SUMIFS(出库明细!G:G,出库明细!C:C,B204,出库明细!D:D,C204),0) -> 11165 | I204: =IFERROR(D204-G204,0) -> 421 | J204: =IFERROR(F204-H204,0) -> 21835
B205: 小梅商行 | C205: 1L果之茶 | D205: 624 | F205: =IFERROR(SUMIFS(存条明细!G:G,存条明细!C:C,B205,存条明细!D:D,C205),0) -> 25800 | G205: =IFERROR(SUMIFS(出库明细!E:E,出库明细!C:C,B205,出库明细!D:D,C205),0) -> 0 | H205: =IFERROR(SUMIFS(出库明细!G:G,出库明细!C:C,B205,出库明细!D:D,C205),0) -> 0 | I205: =IFERROR(D205-G205,0) -> 624 | J205: =IFERROR(F205-H205,0) -> 25800
B206: 小梅商行 | C206: 小果之茶 | D206: 520 | F206: =IFERROR(SUMIFS(存条明细!G:G,存条明细!C:C,B206,存条明细!D:D,C206),0) -> 24000 | G206: =IFERROR(SUMIFS(出库明细!E:E,出库明细!C:C,B206,出库明细!D:D,C206),0) -> 150 | H206: =IFERROR(SUMIFS(出库明细!G:G,出库明细!C:C,B206,出库明细!D:D,C206),0) -> 7050 | I206: =IFERROR(D206-G206,0) -> 370 | J206: =IFERROR(F206-H206,0) -> 16950
B207: 小梅商行 | C207: 大咖 | D207: 104 | F207: =IFERROR(SUMIFS(存条明细!G:G,存条明细!C:C,B207,存条明细!D:D,C207),0) -> 8300 | G207: =IFERROR(SUMIFS(出库明细!E:E,出库明细!C:C,B207,出库明细!D:D,C207),0) -> 0 | H207: =IFERROR(SUMIFS(出库明细!G:G,出库明细!C:C,B207,出库明细!D:D,C207),0) -> 0 | I207: =IFERROR(D207-G207,0) -> 104 | J207: =IFERROR(F207-H207,0) -> 8300
B208: 小梅商行 | C208: 555补水 | D208: 220 | F208: =IFERROR(SUMIFS(存条明细!G:G,存条明细!C:C,B208,存条明细!D:D,C208),0) -> 13000 | G208: =IFERROR(SUMIFS(出库明细!E:E,出库明细!C:C,B208,出库明细!D:D,C208),0) -> 0 | H208: =IFERROR(SUMIFS(出库明细!G:G,出库明细!C:C,B208,出库明细!D:D,C208),0) -> 0 | I208: =IFERROR(D208-G208,0) -> 220 | J208: =IFERROR(F208-H208,0) -> 13000
...

Sheet 客户查询
A1: 客户快速查询
A2: 💡 在黄色格子输入客户名称，自动显示该客户的所有库存和货款情况
A4: 🔍 请输入客户名称： | B4: 星海超市
A6: 💰 货款汇总
A7: 初始存条金额 | B7: 已领用金额 | C7: 剩余存条金额 | D7: 已付款金额 | E7: 未付货款 | F7: 状态
A8: =IFERROR(VLOOKUP($B$4,总览汇总!$B$5:$H$154,2,FALSE),"") -> 39547 | B8: =IFERROR(VLOOKUP($B$4,总览汇总!$B$5:$H$154,3,FALSE),"") -> 77322 | C8: =IFERROR(VLOOKUP($B$4,总览汇总!$B$5:$H$154,4,FALSE),"") -> -37775 | D8: =IFERROR(VLOOKUP($B$4,总览汇总!$B$5:$H$154,5,FALSE),"") -> 148067 | E8: =IFERROR(VLOOKUP($B$4,总览汇总!$B$5:$H$154,6,FALSE),"") -> -70745 | F8: =IFERROR(VLOOKUP($B$4,总览汇总!$B$5:$H$154,7,FALSE),"") -> 预存款
A10: 📦 商品库存明细
A11: 商品品类 | B11: 初始数量 | C11: 初始金额 | D11: 已领用数量 | E11: 已领用金额 | F11: 剩余数量 | G11: 剩余金额
A12: =IFERROR(INDEX(商品库存!$C$4:$C$297,SMALL(IF(商品库存!$B$4:$B$297=$B$4,ROW(商品库存!$B$4:$B$297)-3,999),1)),"") | B12: =IF(A12<>"",VLOOKUP(A12,IF(商品库存!$B$4:$B$297=$B$4,商品库存!$C$4:$D$297),2,FALSE),"") | C12: =IF(A12<>"",VLOOKUP(A12,IF(商品库存!$B$4:$B$297=$B$4,商品库存!$C$4:$F$297),4,FALSE),"") | D12: =IF(A12<>"",VLOOKUP(A12,IF(商品库存!$B$4:$B$297=$B$4,商品库存!$C$4:$G$297),5,FALSE),"") | E12: =IF(A12<>"",VLOOKUP(A12,IF(商品库存!$B$4:$B$297=$B$4,商品库存!$C$4:$H$297),6,FALSE),"") | F12: =IF(A12<>"",VLOOKUP(A12,IF(商品库存!$B$4:$B$297=$B$4,商品库存!$C$4:$I$297),7,FALSE),"") | G12: =IF(A12<>"",VLOOKUP(A12,IF(商品库存!$B$4:$B$297=$B$4,商品库存!$C$4:$J$297),8,FALSE),"")
A13: =IFERROR(INDEX(商品库存!$C$4:$C$297,SMALL(IF(商品库存!$B$4:$B$297=$B$4,ROW(商品库存!$B$4:$B$297)-3,999),2)),"") | B13: =IF(A13<>"",VLOOKUP(A13,IF(商品库存!$B$4:$B$297=$B$4,商品库存!$C$4:$D$297),2,FALSE),"") | C13: =IF(A13<>"",VLOOKUP(A13,IF(商品库存!$B$4:$B$297=$B$4,商品库存!$C$4:$F$297),4,FALSE),"") | D13: =IF(A13<>"",VLOOKUP(A13,IF(商品库存!$B$4:$B$297=$B$4,商品库存!$C$4:$G$297),5,FALSE),"") | E13: =IF(A13<>"",VLOOKUP(A13,IF(商品库存!$B$4:$B$297=$B$4,商品库存!$C$4:$H$297),6,FALSE),"") | F13: =IF(A13<>"",VLOOKUP(A13,IF(商品库存!$B$4:$B$297=$B$4,商品库存!$C$4:$I$297),7,FALSE),"") | G13: =IF(A13<>"",VLOOKUP(A13,IF(商品库存!$B$4:$B$297=$B$4,商品库存!$C$4:$J$297),8,FALSE),"")
A14: =IFERROR(INDEX(商品库存!$C$4:$C$297,SMALL(IF(商品库存!$B$4:$B$297=$B$4,ROW(商品库存!$B$4:$B$297)-3,999),3)),"") | B14: =IF(A14<>"",VLOOKUP(A14,IF(商品库存!$B$4:$B$297=$B$4,商品库存!$C$4:$D$297),2,FALSE),"") | C14: =IF(A14<>"",VLOOKUP(A14,IF(商品库存!$B$4:$B$297=$B$4,商品库存!$C$4:$F$297),4,FALSE),"") | D14: =IF(A14<>"",VLOOKUP(A14,IF(商品库存!$B$4:$B$297=$B$4,商品库存!$C$4:$G$297),5,FALSE),"") | E14: =IF(A14<>"",VLOOKUP(A14,IF(商品库存!$B$4:$B$297=$B$4,商品库存!$C$4:$H$297),6,FALSE),"") | F14: =IF(A14<>"",VLOOKUP(A14,IF(商品库存!$B$4:$B$297=$B$4,商品库存!$C$4:$I$297),7,FALSE),"") | G14: =IF(A14<>"",VLOOKUP(A14,IF(商品库存!$B$4:$B$297=$B$4,商品库存!$C$4:$J$297),8,FALSE),"")
A15: =IFERROR(INDEX(商品库存!$C$4:$C$297,SMALL(IF(商品库存!$B$4:$B$297=$B$4,ROW(商品库存!$B$4:$B$297)-3,999),4)),"") | B15: =IF(A15<>"",VLOOKUP(A15,IF(商品库存!$B$4:$B$297=$B$4,商品库存!$C$4:$D$297),2,FALSE),"") | C15: =IF(A15<>"",VLOOKUP(A15,IF(商品库存!$B$4:$B$297=$B$4,商品库存!$C$4:$F$297),4,FALSE),"") | D15: =IF(A15<>"",VLOOKUP(A15,IF(商品库存!$B$4:$B$297=$B$4,商品库存!$C$4:$G$297),5,FALSE),"") | E15: =IF(A15<>"",VLOOKUP(A15,IF(商品库存!$B$4:$B$297=$B$4,商品库存!$C$4:$H$297),6,FALSE),"") | F15: =IF(A15<>"",VLOOKUP(A15,IF(商品库存!$B$4:$B$297=$B$4,商品库存!$C$4:$I$297),7,FALSE),"") | G15: =IF(A15<>"",VLOOKUP(A15,IF(商品库存!$B$4:$B$297=$B$4,商品库存!$C$4:$J$297),8,FALSE),"")
A16: =IFERROR(INDEX(商品库存!$C$4:$C$297,SMALL(IF(商品库存!$B$4:$B$297=$B$4,ROW(商品库存!$B$4:$B$297)-3,999),5)),"") | B16: =IF(A16<>"",VLOOKUP(A16,IF(商品库存!$B$4:$B$297=$B$4,商品库存!$C$4:$D$297),2,FALSE),"") | C16: =IF(A16<>"",VLOOKUP(A16,IF(商品库存!$B$4:$B$297=$B$4,商品库存!$C$4:$F$297),4,FALSE),"") | D16: =IF(A16<>"",VLOOKUP(A16,IF(商品库存!$B$4:$B$297=$B$4,商品库存!$C$4:$G$297),5,FALSE),"") | E16: =IF(A16<>"",VLOOKUP(A16,IF(商品库存!$B$4:$B$297=$B$4,商品库存!$C$4:$H$297),6,FALSE),"") | F16: =IF(A16<>"",VLOOKUP(A16,IF(商品库存!$B$4:$B$297=$B$4,商品库存!$C$4:$I$297),7,FALSE),"") | G16: =IF(A16<>"",VLOOKUP(A16,IF(商品库存!$B$4:$B$297=$B$4,商品库存!$C$4:$J$297),8,FALSE),"")
A17: =IFERROR(INDEX(商品库存!$C$4:$C$297,SMALL(IF(商品库存!$B$4:$B$297=$B$4,ROW(商品库存!$B$4:$B$297)-3,999),6)),"") | B17: =IF(A17<>"",VLOOKUP(A17,IF(商品库存!$B$4:$B$297=$B$4,商品库存!$C$4:$D$297),2,FALSE),"") | C17: =IF(A17<>"",VLOOKUP(A17,IF(商品库存!$B$4:$B$297=$B$4,商品库存!$C$4:$F$297),4,FALSE),"") | D17: =IF(A17<>"",VLOOKUP(A17,IF(商品库存!$B$4:$B$297=$B$4,商品库存!$C$4:$G$297),5,FALSE),"") | E17: =IF(A17<>"",VLOOKUP(A17,IF(商品库存!$B$4:$B$297=$B$4,商品库存!$C$4:$H$297),6,FALSE),"") | F17: =IF(A17<>"",VLOOKUP(A17,IF(商品库存!$B$4:$B$297=$B$4,商品库存!$C$4:$I$297),7,FALSE),"") | G17: =IF(A17<>"",VLOOKUP(A17,IF(商品库存!$B$4:$B$297=$B$4,商品库存!$C$4:$J$297),8,FALSE),"")
A18: =IFERROR(INDEX(商品库存!$C$4:$C$297,SMALL(IF(商品库存!$B$4:$B$297=$B$4,ROW(商品库存!$B$4:$B$297)-3,999),7)),"") | B18: =IF(A18<>"",VLOOKUP(A18,IF(商品库存!$B$4:$B$297=$B$4,商品库存!$C$4:$D$297),2,FALSE),"") | C18: =IF(A18<>"",VLOOKUP(A18,IF(商品库存!$B$4:$B$297=$B$4,商品库存!$C$4:$F$297),4,FALSE),"") | D18: =IF(A18<>"",VLOOKUP(A18,IF(商品库存!$B$4:$B$297=$B$4,商品库存!$C$4:$G$297),5,FALSE),"") | E18: =IF(A18<>"",VLOOKUP(A18,IF(商品库存!$B$4:$B$297=$B$4,商品库存!$C$4:$H$297),6,FALSE),"") | F18: =IF(A18<>"",VLOOKUP(A18,IF(商品库存!$B$4:$B$297=$B$4,商品库存!$C$4:$I$297),7,FALSE),"") | G18: =IF(A18<>"",VLOOKUP(A18,IF(商品库存!$B$4:$B$297=$B$4,商品库存!$C$4:$J$297),8,FALSE),"")
A19: =IFERROR(INDEX(商品库存!$C$4:$C$297,SMALL(IF(商品库存!$B$4:$B$297=$B$4,ROW(商品库存!$B$4:$B$297)-3,999),8)),"") | B19: =IF(A19<>"",VLOOKUP(A19,IF(商品库存!$B$4:$B$297=$B$4,商品库存!$C$4:$D$297),2,FALSE),"") | C19: =IF(A19<>"",VLOOKUP(A19,IF(商品库存!$B$4:$B$297=$B$4,商品库存!$C$4:$F$297),4,FALSE),"") | D19: =IF(A19<>"",VLOOKUP(A19,IF(商品库存!$B$4:$B$297=$B$4,商品库存!$C$4:$G$297),5,FALSE),"") | E19: =IF(A19<>"",VLOOKUP(A19,IF(商品库存!$B$4:$B$297=$B$4,商品库存!$C$4:$H$297),6,FALSE),"") | F19: =IF(A19<>"",VLOOKUP(A19,IF(商品库存!$B$4:$B$297=$B$4,商品库存!$C$4:$I$297),7,FALSE),"") | G19: =IF(A19<>"",VLOOKUP(A19,IF(商品库存!$B$4:$B$297=$B$4,商品库存!$C$4:$J$297),8,FALSE),"")
A20: =IFERROR(INDEX(商品库存!$C$4:$C$297,SMALL(IF(商品库存!$B$4:$B$297=$B$4,ROW(商品库存!$B$4:$B$297)-3,999),9)),"") | B20: =IF(A20<>"",VLOOKUP(A20,IF(商品库存!$B$4:$B$297=$B$4,商品库存!$C$4:$D$297),2,FALSE),"") | C20: =IF(A20<>"",VLOOKUP(A20,IF(商品库存!$B$4:$B$297=$B$4,商品库存!$C$4:$F$297),4,FALSE),"") | D20: =IF(A20<>"",VLOOKUP(A20,IF(商品库存!$B$4:$B$297=$B$4,商品库存!$C$4:$G$297),5,FALSE),"") | E20: =IF(A20<>"",VLOOKUP(A20,IF(商品库存!$B$4:$B$297=$B$4,商品库存!$C$4:$H$297),6,FALSE),"") | F20: =IF(A20<>"",VLOOKUP(A20,IF(商品库存!$B$4:$B$297=$B$4,商品库存!$C$4:$I$297),7,FALSE),"") | G20: =IF(A20<>"",VLOOKUP(A20,IF(商品库存!$B$4:$B$297=$B$4,商品库存!$C$4:$J$297),8,FALSE),"")
A21: =IFERROR(INDEX(商品库存!$C$4:$C$297,SMALL(IF(商品库存!$B$4:$B$297=$B$4,ROW(商品库存!$B$4:$B$297)-3,999),10)),"") | B21: =IF(A21<>"",VLOOKUP(A21,IF(商品库存!$B$4:$B$297=$B$4,商品库存!$C$4:$D$297),2,FALSE),"") | C21: =IF(A21<>"",VLOOKUP(A21,IF(商品库存!$B$4:$B$297=$B$4,商品库存!$C$4:$F$297),4,FALSE),"") | D21: =IF(A21<>"",VLOOKUP(A21,IF(商品库存!$B$4:$B$297=$B$4,商品库存!$C$4:$G$297),5,FALSE),"") | E21: =IF(A21<>"",VLOOKUP(A21,IF(商品库存!$B$4:$B$297=$B$4,商品库存!$C$4:$H$297),6,FALSE),"") | F21: =IF(A21<>"",VLOOKUP(A21,IF(商品库存!$B$4:$B$297=$B$4,商品库存!$C$4:$I$297),7,FALSE),"") | G21: =IF(A21<>"",VLOOKUP(A21,IF(商品库存!$B$4:$B$297=$B$4,商品库存!$C$4:$J$297),8,FALSE),"")
A22: =IFERROR(INDEX(商品库存!$C$4:$C$297,SMALL(IF(商品库存!$B$4:$B$297=$B$4,ROW(商品库存!$B$4:$B$297)-3,999),11)),"") | B22: =IF(A22<>"",VLOOKUP(A22,IF(商品库存!$B$4:$B$297=$B$4,商品库存!$C$4:$D$297),2,FALSE),"") | C22: =IF(A22<>"",VLOOKUP(A22,IF(商品库存!$B$4:$B$297=$B$4,商品库存!$C$4:$F$297),4,FALSE),"") | D22: =IF(A22<>"",VLOOKUP(A22,IF(商品库存!$B$4:$B$297=$B$4,商品库存!$C$4:$G$297),5,FALSE),"") | E22: =IF(A22<>"",VLOOKUP(A22,IF(商品库存!$B$4:$B$297=$B$4,商品库存!$C$4:$H$297),6,FALSE),"") | F22: =IF(A22<>"",VLOOKUP(A22,IF(商品库存!$B$4:$B$297=$B$4,商品库存!$C$4:$I$297),7,FALSE),"") | G22: =IF(A22<>"",VLOOKUP(A22,IF(商品库存!$B$4:$B$297=$B$4,商品库存!$C$4:$J$297),8,FALSE),"")
A23: =IFERROR(INDEX(商品库存!$C$4:$C$297,SMALL(IF(商品库存!$B$4:$B$297=$B$4,ROW(商品库存!$B$4:$B$297)-3,999),12)),"") | B23: =IF(A23<>"",VLOOKUP(A23,IF(商品库存!$B$4:$B$297=$B$4,商品库存!$C$4:$D$297),2,FALSE),"") | C23: =IF(A23<>"",VLOOKUP(A23,IF(商品库存!$B$4:$B$297=$B$4,商品库存!$C$4:$F$297),4,FALSE),"") | D23: =IF(A23<>"",VLOOKUP(A23,IF(商品库存!$B$4:$B$297=$B$4,商品库存!$C$4:$G$297),5,FALSE),"") | E23: =IF(A23<>"",VLOOKUP(A23,IF(商品库存!$B$4:$B$297=$B$4,商品库存!$C$4:$H$297),6,FALSE),"") | F23: =IF(A23<>"",VLOOKUP(A23,IF(商品库存!$B$4:$B$297=$B$4,商品库存!$C$4:$I$297),7,FALSE),"") | G23: =IF(A23<>"",VLOOKUP(A23,IF(商品库存!$B$4:$B$297=$B$4,商品库存!$C$4:$J$297),8,FALSE),"")
A24: =IFERROR(INDEX(商品库存!$C$4:$C$297,SMALL(IF(商品库存!$B$4:$B$297=$B$4,ROW(商品库存!$B$4:$B$297)-3,999),13)),"") | B24: =IF(A24<>"",VLOOKUP(A24,IF(商品库存!$B$4:$B$297=$B$4,商品库存!$C$4:$D$297),2,FALSE),"") | C24: =IF(A24<>"",VLOOKUP(A24,IF(商品库存!$B$4:$B$297=$B$4,商品库存!$C$4:$F$297),4,FALSE),"") | D24: =IF(A24<>"",VLOOKUP(A24,IF(商品库存!$B$4:$B$297=$B$4,商品库存!$C$4:$G$297),5,FALSE),"") | E24: =IF(A24<>"",VLOOKUP(A24,IF(商品库存!$B$4:$B$297=$B$4,商品库存!$C$4:$H$297),6,FALSE),"") | F24: =IF(A24<>"",VLOOKUP(A24,IF(商品库存!$B$4:$B$297=$B$4,商品库存!$C$4:$I$297),7,FALSE),"") | G24: =IF(A24<>"",VLOOKUP(A24,IF(商品库存!$B$4:$B$297=$B$4,商品库存!$C$4:$J$297),8,FALSE),"")
A25: =IFERROR(INDEX(商品库存!$C$4:$C$297,SMALL(IF(商品库存!$B$4:$B$297=$B$4,ROW(商品库存!$B$4:$B$297)-3,999),14)),"") | B25: =IF(A25<>"",VLOOKUP(A25,IF(商品库存!$B$4:$B$297=$B$4,商品库存!$C$4:$D$297),2,FALSE),"") | C25: =IF(A25<>"",VLOOKUP(A25,IF(商品库存!$B$4:$B$297=$B$4,商品库存!$C$4:$F$297),4,FALSE),"") | D25: =IF(A25<>"",VLOOKUP(A25,IF(商品库存!$B$4:$B$297=$B$4,商品库存!$C$4:$G$297),5,FALSE),"") | E25: =IF(A25<>"",VLOOKUP(A25,IF(商品库存!$B$4:$B$297=$B$4,商品库存!$C$4:$H$297),6,FALSE),"") | F25: =IF(A25<>"",VLOOKUP(A25,IF(商品库存!$B$4:$B$297=$B$4,商品库存!$C$4:$I$297),7,FALSE),"") | G25: =IF(A25<>"",VLOOKUP(A25,IF(商品库存!$B$4:$B$297=$B$4,商品库存!$C$4:$J$297),8,FALSE),"")
A26: =IFERROR(INDEX(商品库存!$C$4:$C$297,SMALL(IF(商品库存!$B$4:$B$297=$B$4,ROW(商品库存!$B$4:$B$297)-3,999),15)),"") | B26: =IF(A26<>"",VLOOKUP(A26,IF(商品库存!$B$4:$B$297=$B$4,商品库存!$C$4:$D$297),2,FALSE),"") | C26: =IF(A26<>"",VLOOKUP(A26,IF(商品库存!$B$4:$B$297=$B$4,商品库存!$C$4:$F$297),4,FALSE),"") | D26: =IF(A26<>"",VLOOKUP(A26,IF(商品库存!$B$4:$B$297=$B$4,商品库存!$C$4:$G$297),5,FALSE),"") | E26: =IF(A26<>"",VLOOKUP(A26,IF(商品库存!$B$4:$B$297=$B$4,商品库存!$C$4:$H$297),6,FALSE),"") | F26: =IF(A26<>"",VLOOKUP(A26,IF(商品库存!$B$4:$B$297=$B$4,商品库存!$C$4:$I$297),7,FALSE),"") | G26: =IF(A26<>"",VLOOKUP(A26,IF(商品库存!$B$4:$B$297=$B$4,商品库存!$C$4:$J$297),8,FALSE),"")

Sheet Sheet1
A1: =4200+1000+620+760+325+21+55 -> 6981
